series_id,date,units_sold,price,revenue,cogs,gross_income,margin_pct
SS_A|Electronic accessories,2019-01-01,10,74.22,779.31,742.2,37.11,0.0476
SS_A|Electronic accessories,2019-01-05,7,93.88,690.018,657.16,32.858,0.0476
SS_A|Electronic accessories,2019-01-07,4,77.72,326.424,310.88,15.544,0.0476
SS_A|Electronic accessories,2019-01-08,7,62.81,461.67449999999997,439.69,21.984499999999997,0.0476
SS_A|Electronic accessories,2019-01-12,10,88.67,931.035,886.7,44.335,0.0476
SS_A|Electronic accessories,2019-01-13,6,23.46,147.798,140.76,7.038,0.0476
SS_A|Electronic accessories,2019-01-15,9,60.88,575.316,547.92,27.396,0.0476
SS_A|Electronic accessories,2019-01-18,5,26.31,138.1275,131.55,6.5775,0.0476
SS_A|Electronic accessories,2019-01-19,3,11.94,37.611,35.82,1.791,0.0476
SS_A|Electronic accessories,2019-01-23,6,66.06,416.178,396.36,19.818,0.0476
SS_A|Electronic accessories,2019-01-24,16,29.59,497.112,473.44,23.672,0.0476
SS_A|Electronic accessories,2019-01-25,9,26.23,247.8735,236.07,11.8035,0.0476
SS_A|Electronic accessories,2019-01-26,7,51.69,379.9215,361.83,18.0915,0.0476
SS_A|Electronic accessories,2019-01-27,1,73.26,76.923,73.26,3.663,0.0476
SS_A|Electronic accessories,2019-01-28,8,24.18,203.112,193.44,9.672,0.0476
SS_A|Electronic accessories,2019-01-29,1,38.6,40.53,38.6,1.93,0.0476
SS_A|Electronic accessories,2019-01-30,3,93.78,295.407,281.34,14.067,0.0476
SS_A|Electronic accessories,2019-01-31,5,29.89,156.9015,149.43,7.4715,0.0476
SS_A|Electronic accessories,2019-02-04,15,51.37,809.0775,770.55,38.5275,0.0476
SS_A|Electronic accessories,2019-02-05,2,20.89,43.869,41.78,2.089,0.0476
SS_A|Electronic accessories,2019-02-07,1,28.96,30.408,28.96,1.448,0.0476
SS_A|Electronic accessories,2019-02-12,5,46.95,246.4875,234.75,11.7375,0.0476
SS_A|Electronic accessories,2019-02-13,5,41.16,216.111,205.82,10.291,0.0476
SS_A|Electronic accessories,2019-02-14,8,99.56,836.304,796.48,39.824,0.0476
SS_A|Electronic accessories,2019-02-17,5,34.56,181.44,172.8,8.64,0.0476
SS_A|Electronic accessories,2019-02-18,1,62.48,65.604,62.48,3.124,0.0476
SS_A|Electronic accessories,2019-02-19,9,69.58,657.531,626.22,31.311,0.0476
SS_A|Electronic accessories,2019-02-21,3,94.64,298.116,283.92,14.196,0.0476
SS_A|Electronic accessories,2019-02-22,10,17.42,182.91,174.2,8.71,0.0476
SS_A|Electronic accessories,2019-02-24,10,40.26,422.73,402.6,20.13,0.0476
SS_A|Electronic accessories,2019-02-25,6,68.84,433.692,413.04,20.652,0.0476
SS_A|Electronic accessories,2019-02-26,2,46.61,97.881,93.22,4.661,0.0476
SS_A|Electronic accessories,2019-02-27,7,92.6,680.61,648.2,32.41,0.0476
SS_A|Electronic accessories,2019-03-01,10,45.48,477.54,454.8,22.74,0.0476
SS_A|Electronic accessories,2019-03-05,3,78.31,246.6765,234.93,11.7465,0.0476
SS_A|Electronic accessories,2019-03-06,9,21.5,203.175,193.5,9.675,0.0476
SS_A|Electronic accessories,2019-03-08,1,97.16,102.018,97.16,4.858,0.0476
SS_A|Electronic accessories,2019-03-10,2,58.03,121.863,116.06,5.803,0.0476
SS_A|Electronic accessories,2019-03-14,10,74.39,781.116,743.9200000000001,37.196,0.0476
SS_A|Electronic accessories,2019-03-18,4,51.19,214.998,204.76,10.238,0.0476
SS_A|Electronic accessories,2019-03-19,14,59.93,881.0445,839.0899999999999,41.9545,0.0476
SS_A|Electronic accessories,2019-03-20,6,74.51,469.413,447.06,22.353,0.0476
SS_A|Electronic accessories,2019-03-21,16,58.87,988.9425,941.8499999999999,47.0925,0.0476
SS_A|Electronic accessories,2019-03-22,1,95.15,99.9075,95.15,4.7575,0.0476
SS_A|Electronic accessories,2019-03-23,10,73.47,771.435,734.7,36.735,0.0476
SS_A|Electronic accessories,2019-03-25,11,25.52,294.714,280.68,14.033999999999999,0.0476
SS_A|Electronic accessories,2019-03-26,7,72.2,530.67,505.4,25.27,0.0476
SS_A|Electronic accessories,2019-03-28,7,26.02,191.247,182.14,9.107,0.0476
SS_A|Electronic accessories,2019-03-30,5,64.44,338.31,322.2,16.11,0.0476
SS_A|Fashion accessories,2019-01-01,9,65.74,621.243,591.66,29.583,0.0476
SS_A|Fashion accessories,2019-01-06,7,42.57,312.8895,297.99,14.8995,0.0476
SS_A|Fashion accessories,2019-01-09,5,38.54,202.335,192.7,9.635,0.0476
SS_A|Fashion accessories,2019-01-11,1,89.69,94.1745,89.69,4.4845,0.0476
SS_A|Fashion accessories,2019-01-12,19,24.96,498.0045,474.28999999999996,23.7145,0.0476
SS_A|Fashion accessories,2019-01-14,15,69.59,1096.095,1043.9,52.195,0.0476
SS_A|Fashion accessories,2019-01-18,3,88.15,277.6725,264.45,13.2225,0.0476
SS_A|Fashion accessories,2019-01-19,6,99.1,624.33,594.6,29.73,0.0476
SS_A|Fashion accessories,2019-01-20,8,63.88,536.592,511.04,25.552,0.0476
SS_A|Fashion accessories,2019-01-23,6,20.05,126.3255,120.31,6.0155,0.0476
SS_A|Fashion accessories,2019-01-24,8,86.68,728.112,693.44,34.672,0.0476
SS_A|Fashion accessories,2019-01-25,1,74.1,77.805,74.1,3.705,0.0476
SS_A|Fashion accessories,2019-01-26,2,16.7,35.0805,33.41,1.6705,0.0476
SS_A|Fashion accessories,2019-01-27,7,54.28,398.958,379.96,18.998,0.0476
SS_A|Fashion accessories,2019-01-29,9,83.24,786.618,749.16,37.458,0.0476
SS_A|Fashion accessories,2019-01-31,8,51.34,431.256,410.72,20.536,0.0476
SS_A|Fashion accessories,2019-02-02,10,43.13,452.865,431.3,21.565,0.0476
SS_A|Fashion accessories,2019-02-03,5,77.02,404.355,385.1,19.255,0.0476
SS_A|Fashion accessories,2019-02-04,4,48.63,204.246,194.52,9.726,0.0476
SS_A|Fashion accessories,2019-02-05,1,30.62,32.151,30.62,1.531,0.0476
SS_A|Fashion accessories,2019-02-08,11,91.77,1059.975,1009.5,50.475,0.0476
SS_A|Fashion accessories,2019-02-10,17,39.82,710.7975,676.95,33.8475,0.0476
SS_A|Fashion accessories,2019-02-15,3,51.94,163.611,155.82,7.791,0.0476
SS_A|Fashion accessories,2019-02-17,3,45.38,142.947,136.14,6.807,0.0476
SS_A|Fashion accessories,2019-02-18,7,88.34,649.299,618.38,30.919,0.0476
SS_A|Fashion accessories,2019-02-19,2,98.48,206.808,196.96,9.848,0.0476
SS_A|Fashion accessories,2019-02-25,4,73.05,306.81,292.2,14.61,0.0476
SS_A|Fashion accessories,2019-02-26,1,55.45,58.2225,55.45,2.7725,0.0476
SS_A|Fashion accessories,2019-02-27,11,67.67,781.5464999999999,744.33,37.2165,0.0476
SS_A|Fashion accessories,2019-03-01,4,22.32,93.744,89.28,4.464,0.0476
SS_A|Fashion accessories,2019-03-03,1,46.41,48.7305,46.41,2.3205,0.0476
SS_A|Fashion accessories,2019-03-04,9,48.96,462.672,440.64,22.032,0.0476
SS_A|Fashion accessories,2019-03-05,2,81.91,172.011,163.82,8.191,0.0476
SS_A|Fashion accessories,2019-03-08,5,61.77,324.2925,308.85,15.4425,0.0476
SS_A|Fashion accessories,2019-03-09,8,97.29,817.236,778.32,38.916,0.0476
SS_A|Fashion accessories,2019-03-10,2,87.67,184.107,175.34,8.767,0.0476
SS_A|Fashion accessories,2019-03-11,4,94.67,397.614,378.68,18.934,0.0476
SS_A|Fashion accessories,2019-03-15,10,19.66,206.43,196.6,9.83,0.0476
SS_A|Fashion accessories,2019-03-19,10,70.31,738.255,703.1,35.155,0.0476
SS_A|Fashion accessories,2019-03-23,4,37.15,156.03,148.6,7.43,0.0476
SS_A|Fashion accessories,2019-03-26,4,44.06,185.031,176.22,8.811,0.0476
SS_A|Fashion accessories,2019-03-28,7,71.46,525.231,500.22,25.011,0.0476
SS_A|Food and beverages,2019-01-02,6,41.66,262.458,249.96,12.498,0.0476
SS_A|Food and beverages,2019-01-06,5,40.94,214.935,204.7,10.235,0.0476
SS_A|Food and beverages,2019-01-11,20,29.22,613.6305,584.4100000000001,29.2205,0.0476
SS_A|Food and beverages,2019-01-15,2,83.77,175.917,167.54,8.377,0.0476
SS_A|Food and beverages,2019-01-17,10,81.21,852.705,812.1,40.605,0.0476
SS_A|Food and beverages,2019-01-19,14,41.34,607.656,578.72,28.936,0.0476
SS_A|Food and beverages,2019-01-21,5,47.35,248.5665,236.73,11.836500000000001,0.0476
SS_A|Food and beverages,2019-01-23,15,67.99,1070.8425,1019.8499999999999,50.9925,0.0476
SS_A|Food and beverages,2019-01-27,6,81.71,514.773,490.26,24.513,0.0476
SS_A|Food and beverages,2019-01-28,7,11.53,84.7455,80.71,4.0355,0.0476
SS_A|Food and beverages,2019-02-01,5,14.23,74.7075,71.15,3.5575,0.0476
SS_A|Food and beverages,2019-02-02,10,10.96,115.08,109.6,5.48,0.0476
SS_A|Food and beverages,2019-02-03,15,54.06,851.445,810.9,40.545,0.0476
SS_A|Food and beverages,2019-02-05,1,87.9,92.295,87.9,4.395,0.0476
SS_A|Food and beverages,2019-02-07,10,43.19,453.495,431.9,21.595,0.0476
SS_A|Food and beverages,2019-02-09,10,34.72,364.56,347.2,17.36,0.0476
SS_A|Food and beverages,2019-02-10,5,44.59,234.0975,222.95,11.1475,0.0476
SS_A|Food and beverages,2019-02-15,6,59.65,375.795,357.9,17.895,0.0476
SS_A|Food and beverages,2019-02-16,7,24.82,182.427,173.74,8.687,0.0476
SS_A|Food and beverages,2019-02-17,11,67.85,783.699,746.38,37.319,0.0476
SS_A|Food and beverages,2019-02-19,9,98.66,932.337,887.94,44.397,0.0476
SS_A|Food and beverages,2019-02-20,5,92.29,484.5225,461.45,23.0725,0.0476
SS_A|Food and beverages,2019-02-23,4,73.47,308.574,293.88,14.694,0.0476
SS_A|Food and beverages,2019-02-25,3,99.6,313.74,298.8,14.94,0.0476
SS_A|Food and beverages,2019-02-27,20,46.64,979.5450000000001,932.9,46.644999999999996,0.0476
SS_A|Food and beverages,2019-02-28,6,80.62,507.906,483.72,24.186,0.0476
SS_A|Food and beverages,2019-03-02,4,66.52,279.384,266.08,13.304,0.0476
SS_A|Food and beverages,2019-03-03,8,22.17,186.228,177.36,8.868,0.0476
SS_A|Food and beverages,2019-03-04,4,74.66,313.572,298.64,14.932,0.0476
SS_A|Food and beverages,2019-03-09,5,99.78,523.845,498.9,24.945,0.0476
SS_A|Food and beverages,2019-03-10,7,10.13,74.4555,70.91,3.5455,0.0476
SS_A|Food and beverages,2019-03-13,12,49.32,621.474,591.88,29.594,0.0476
SS_A|Food and beverages,2019-03-14,2,23.48,49.308,46.96,2.348,0.0476
SS_A|Food and beverages,2019-03-16,5,63.61,333.9525,318.05,15.9025,0.0476
SS_A|Food and beverages,2019-03-19,2,83.34,175.014,166.68,8.334,0.0476
SS_A|Food and beverages,2019-03-20,3,59.37,187.0155,178.11,8.9055,0.0476
SS_A|Food and beverages,2019-03-22,5,56.56,296.94,282.8,14.14,0.0476
SS_A|Food and beverages,2019-03-23,9,66.84,631.6065,601.53,30.076500000000003,0.0476
SS_A|Food and beverages,2019-03-25,4,55.39,232.638,221.56,11.078,0.0476
SS_A|Food and beverages,2019-03-27,12,55.15,694.848,661.76,33.088,0.0476
SS_A|Food and beverages,2019-03-28,14,58.66,862.365,821.3,41.065000000000005,0.0476
SS_A|Health and beauty,2019-01-03,14,39.81,585.186,557.32,27.866,0.0476
SS_A|Health and beauty,2019-01-04,5,20.97,110.0925,104.85,5.2425,0.0476
SS_A|Health and beauty,2019-01-05,7,74.69,548.9715,522.83,26.1415,0.0476
SS_A|Health and beauty,2019-01-10,2,36.26,76.146,72.52,3.626,0.0476
SS_A|Health and beauty,2019-01-13,9,39.62,374.409,356.58,17.829,0.0476
SS_A|Health and beauty,2019-01-20,4,55.5,233.1,222.0,11.1,0.0476
SS_A|Health and beauty,2019-01-21,7,53.17,390.7995,372.19,18.6095,0.0476
SS_A|Health and beauty,2019-01-23,9,79.15,747.9675,712.35,35.6175,0.0476
SS_A|Health and beauty,2019-01-24,5,77.5,406.875,387.5,19.375,0.0476
SS_A|Health and beauty,2019-01-27,8,58.22,489.048,465.76,23.288,0.0476
SS_A|Health and beauty,2019-02-01,4,77.68,326.256,310.72,15.536,0.0476
SS_A|Health and beauty,2019-02-02,1,18.33,19.2465,18.33,0.9165,0.0476
SS_A|Health and beauty,2019-02-06,5,35.68,187.32,178.4,8.92,0.0476
SS_A|Health and beauty,2019-02-07,8,89.6,752.64,716.8,35.84,0.0476
SS_A|Health and beauty,2019-02-12,6,25.43,160.209,152.58,7.629,0.0476
SS_A|Health and beauty,2019-02-14,1,91.3,95.865,91.3,4.565,0.0476
SS_A|Health and beauty,2019-02-15,6,15.26,96.138,91.56,4.578,0.0476
SS_A|Health and beauty,2019-02-17,3,92.09,290.0835,276.27,13.8135,0.0476
SS_A|Health and beauty,2019-02-19,5,50.79,266.6475,253.95,12.6975,0.0476
SS_A|Health and beauty,2019-02-20,10,32.32,339.36,323.2,16.16,0.0476
SS_A|Health and beauty,2019-02-25,3,65.18,205.317,195.54,9.777,0.0476
SS_A|Health and beauty,2019-02-28,3,56.0,176.4,168.0,8.4,0.0476
SS_A|Health and beauty,2019-03-03,8,28.46,239.0325,227.65,11.3825,0.0476
SS_A|Health and beauty,2019-03-04,24,56.85,1432.7355,1364.51,68.22550000000001,0.0476
SS_A|Health and beauty,2019-03-06,1,79.74,83.727,79.74,3.987,0.0476
SS_A|Health and beauty,2019-03-07,9,15.55,146.9475,139.95,6.9975,0.0476
SS_A|Health and beauty,2019-03-09,14,51.87,762.552,726.24,36.312,0.0476
SS_A|Health and beauty,2019-03-11,9,66.89,632.1524999999999,602.05,30.1025,0.0476
SS_A|Health and beauty,2019-03-12,4,47.67,200.214,190.68,9.534,0.0476
SS_A|Health and beauty,2019-03-13,10,15.87,166.635,158.7,7.935,0.0476
SS_A|Health and beauty,2019-03-15,11,37.92,438.0285,417.16999999999996,20.8585,0.0476
SS_A|Health and beauty,2019-03-25,3,15.8,49.77,47.4,2.37,0.0476
SS_A|Health and beauty,2019-03-26,14,32.08,471.639,449.18,22.459,0.0476
SS_A|Health and beauty,2019-03-27,8,32.46,272.664,259.68,12.984,0.0476
SS_A|Health and beauty,2019-03-28,7,10.08,74.088,70.56,3.528,0.0476
SS_A|Health and beauty,2019-03-29,10,71.38,749.49,713.8,35.69,0.0476
SS_A|Home and lifestyle,2019-01-01,8,47.59,399.756,380.72,19.036,0.0476
SS_A|Home and lifestyle,2019-01-03,5,67.09,352.2225,335.45,16.7725,0.0476
SS_A|Home and lifestyle,2019-01-04,10,35.54,373.17,355.4,17.77,0.0476
SS_A|Home and lifestyle,2019-01-05,13,57.55,785.5155,748.11,37.405499999999996,0.0476
SS_A|Home and lifestyle,2019-01-06,8,58.9,494.76,471.2,23.56,0.0476
SS_A|Home and lifestyle,2019-01-07,9,21.54,203.553,193.86,9.693,0.0476
SS_A|Home and lifestyle,2019-01-10,6,78.38,493.794,470.28,23.514,0.0476
SS_A|Home and lifestyle,2019-01-11,6,96.52,608.076,579.12,28.956,0.0476
SS_A|Home and lifestyle,2019-01-13,3,81.01,255.1815,243.03,12.1515,0.0476
SS_A|Home and lifestyle,2019-01-15,15,58.1,915.0435,871.47,43.5735,0.0476
SS_A|Home and lifestyle,2019-01-16,10,63.56,667.38,635.6,31.78,0.0476
SS_A|Home and lifestyle,2019-01-17,6,21.52,135.576,129.12,6.456,0.0476
SS_A|Home and lifestyle,2019-01-18,9,19.36,182.952,174.24,8.712,0.0476
SS_A|Home and lifestyle,2019-01-19,19,51.55,1028.4015,979.4300000000001,48.9715,0.0476
SS_A|Home and lifestyle,2019-01-20,10,72.35,759.675,723.5,36.175,0.0476
SS_A|Home and lifestyle,2019-01-21,12,75.58,952.371,907.02,45.351,0.0476
SS_A|Home and lifestyle,2019-01-22,12,63.67,802.2735,764.0699999999999,38.203500000000005,0.0476
SS_A|Home and lifestyle,2019-01-25,7,57.13,419.937,399.94,19.997,0.0476
SS_A|Home and lifestyle,2019-01-27,2,12.03,25.263,24.06,1.203,0.0476
SS_A|Home and lifestyle,2019-01-29,5,87.37,458.6925,436.85,21.8425,0.0476
SS_A|Home and lifestyle,2019-02-03,17,81.88,1461.558,1391.96,69.598,0.0476
SS_A|Home and lifestyle,2019-02-05,6,25.91,163.233,155.46,7.773,0.0476
SS_A|Home and lifestyle,2019-02-06,6,37.44,235.872,224.64,11.232,0.0476
SS_A|Home and lifestyle,2019-02-07,8,93.12,782.208,744.96,37.248,0.0476
SS_A|Home and lifestyle,2019-02-10,1,74.07,77.7735,74.07,3.7035,0.0476
SS_A|Home and lifestyle,2019-02-11,3,80.08,252.252,240.24,12.012,0.0476
SS_A|Home and lifestyle,2019-02-15,8,69.96,587.664,559.68,27.984,0.0476
SS_A|Home and lifestyle,2019-02-17,8,88.79,745.836,710.32,35.516,0.0476
SS_A|Home and lifestyle,2019-02-18,6,34.42,216.846,206.52,10.326,0.0476
SS_A|Home and lifestyle,2019-02-20,2,37.69,79.149,75.38,3.769,0.0476
SS_A|Home and lifestyle,2019-02-22,1,65.82,69.111,65.82,3.291,0.0476
SS_A|Home and lifestyle,2019-02-24,2,47.68,100.128,95.36,4.768,0.0476
SS_A|Home and lifestyle,2019-03-01,2,34.73,72.933,69.46,3.473,0.0476
SS_A|Home and lifestyle,2019-03-03,7,46.33,340.5255,324.31,16.2155,0.0476
SS_A|Home and lifestyle,2019-03-04,13,40.45,552.111,525.8199999999999,26.290999999999997,0.0476
SS_A|Home and lifestyle,2019-03-07,5,42.24,221.739,211.18,10.559000000000001,0.0476
SS_A|Home and lifestyle,2019-03-08,16,69.4,1165.962,1110.44,55.522000000000006,0.0476
SS_A|Home and lifestyle,2019-03-10,7,93.69,688.6215,655.83,32.7915,0.0476
SS_A|Home and lifestyle,2019-03-11,13,49.92,681.4079999999999,648.96,32.448,0.0476
SS_A|Home and lifestyle,2019-03-16,4,23.75,99.75,95.0,4.75,0.0476
SS_A|Home and lifestyle,2019-03-17,4,77.47,325.374,309.88,15.494,0.0476
SS_A|Home and lifestyle,2019-03-19,4,23.29,97.818,93.16,4.658,0.0476
SS_A|Home and lifestyle,2019-03-20,9,93.96,887.922,845.64,42.282,0.0476
SS_A|Home and lifestyle,2019-03-21,9,33.84,319.788,304.56,15.228,0.0476
SS_A|Home and lifestyle,2019-03-22,17,49.79,888.762,846.44,42.322,0.0476
SS_A|Home and lifestyle,2019-03-23,1,25.29,26.5545,25.29,1.2645,0.0476
SS_A|Home and lifestyle,2019-03-24,6,67.4,424.62,404.4,20.22,0.0476
SS_A|Home and lifestyle,2019-03-27,2,44.34,93.114,88.68,4.434,0.0476
SS_A|Home and lifestyle,2019-03-29,3,72.42,228.123,217.26,10.863,0.0476
SS_A|Home and lifestyle,2019-03-30,6,34.42,216.846,206.52,10.326,0.0476
SS_A|Sports and travel,2019-01-01,10,54.38,571.011,543.82,27.191000000000003,0.0476
SS_A|Sports and travel,2019-01-02,1,42.47,44.5935,42.47,2.1235,0.0476
SS_A|Sports and travel,2019-01-06,5,54.74,287.385,273.7,13.684999999999999,0.0476
SS_A|Sports and travel,2019-01-07,9,60.95,575.9775,548.55,27.4275,0.0476
SS_A|Sports and travel,2019-01-08,7,30.17,221.781,211.22,10.561,0.0476
SS_A|Sports and travel,2019-01-10,7,21.98,161.553,153.86,7.693,0.0476
SS_A|Sports and travel,2019-01-11,4,82.33,345.786,329.32,16.466,0.0476
SS_A|Sports and travel,2019-01-13,7,45.58,335.013,319.06,15.953,0.0476
SS_A|Sports and travel,2019-01-15,7,19.1,140.385,133.7,6.685,0.0476
SS_A|Sports and travel,2019-01-16,2,93.18,195.678,186.36,9.318,0.0476
SS_A|Sports and travel,2019-01-17,10,48.95,513.9435,489.47,24.4735,0.0476
SS_A|Sports and travel,2019-01-18,6,89.06,561.078,534.36,26.718,0.0476
SS_A|Sports and travel,2019-01-19,14,65.07,956.4870000000001,910.94,45.547,0.0476
SS_A|Sports and travel,2019-01-20,2,93.14,195.594,186.28,9.314,0.0476
SS_A|Sports and travel,2019-01-24,10,78.77,827.085,787.7,39.385,0.0476
SS_A|Sports and travel,2019-01-25,4,40.05,168.21,160.2,8.01,0.0476
SS_A|Sports and travel,2019-01-27,5,32.25,169.3125,161.25,8.0625,0.0476
SS_A|Sports and travel,2019-01-29,9,25.3,239.0745,227.69,11.3845,0.0476
SS_A|Sports and travel,2019-02-01,7,69.52,510.972,486.64,24.332,0.0476
SS_A|Sports and travel,2019-02-02,8,51.52,432.768,412.16,20.608,0.0476
SS_A|Sports and travel,2019-02-04,5,43.06,226.065,215.3,10.765,0.0476
SS_A|Sports and travel,2019-02-05,3,75.2,236.88,225.6,11.28,0.0476
SS_A|Sports and travel,2019-02-07,1,45.58,47.859,45.58,2.279,0.0476
SS_A|Sports and travel,2019-02-08,7,86.31,634.3785,604.17,30.2085,0.0476
SS_A|Sports and travel,2019-02-09,10,22.24,233.52,222.4,11.12,0.0476
SS_A|Sports and travel,2019-02-11,4,94.76,397.992,379.04,18.952,0.0476
SS_A|Sports and travel,2019-02-12,2,71.63,150.423,143.26,7.163,0.0476
SS_A|Sports and travel,2019-02-14,3,44.65,140.6475,133.95,6.6975,0.0476
SS_A|Sports and travel,2019-02-17,9,98.09,926.9505,882.81,44.1405,0.0476
SS_A|Sports and travel,2019-02-22,10,24.49,257.145,244.9,12.245,0.0476
SS_A|Sports and travel,2019-02-25,6,86.79,546.7769999999999,520.74,26.037,0.0476
SS_A|Sports and travel,2019-03-02,5,68.97,362.0715,344.83,17.2415,0.0476
SS_A|Sports and travel,2019-03-04,7,12.34,90.699,86.38,4.319,0.0476
SS_A|Sports and travel,2019-03-06,16,44.43,746.424,710.88,35.544,0.0476
SS_A|Sports and travel,2019-03-09,12,53.7,676.557,644.34,32.217,0.0476
SS_A|Sports and travel,2019-03-10,8,48.83,410.151,390.62,19.531,0.0476
SS_A|Sports and travel,2019-03-12,7,98.4,723.24,688.8,34.44,0.0476
SS_A|Sports and travel,2019-03-14,9,97.48,921.186,877.32,43.866,0.0476
SS_A|Sports and travel,2019-03-16,8,72.5,609.0,580.0,29.0,0.0476
SS_A|Sports and travel,2019-03-17,10,76.92,807.66,769.2,38.46,0.0476
SS_A|Sports and travel,2019-03-18,5,33.26,174.615,166.3,8.315,0.0476
SS_A|Sports and travel,2019-03-20,19,41.51,828.114,788.6800000000001,39.434,0.0476
SS_A|Sports and travel,2019-03-22,11,72.94,842.4465,802.3299999999999,40.1165,0.0476
SS_A|Sports and travel,2019-03-23,10,15.5,162.75,155.0,7.75,0.0476
SS_A|Sports and travel,2019-03-30,12,60.75,765.4604999999999,729.01,36.450500000000005,0.0476
SS_B|Electronic accessories,2019-01-01,6,74.71,470.673,448.26,22.413,0.0476
SS_B|Electronic accessories,2019-01-02,6,22.01,138.663,132.06,6.603,0.0476
SS_B|Electronic accessories,2019-01-04,1,72.17,75.7785,72.17,3.6085,0.0476
SS_B|Electronic accessories,2019-01-10,4,13.78,57.876,55.12,2.756,0.0476
SS_B|Electronic accessories,2019-01-12,8,91.56,769.104,732.48,36.624,0.0476
SS_B|Electronic accessories,2019-01-15,5,75.66,397.215,378.3,18.915,0.0476
SS_B|Electronic accessories,2019-01-19,14,29.58,434.847,414.14,20.707,0.0476
SS_B|Electronic accessories,2019-01-24,17,54.95,980.8679999999999,934.16,46.708,0.0476
SS_B|Electronic accessories,2019-01-26,7,87.08,640.038,609.56,30.478,0.0476
SS_B|Electronic accessories,2019-01-28,10,21.43,225.015,214.3,10.715,0.0476
SS_B|Electronic accessories,2019-01-30,12,36.16,455.65799999999996,433.96000000000004,21.698,0.0476
SS_B|Electronic accessories,2019-01-31,29,67.46,2054.0415,1956.23,97.8115,0.0476
SS_B|Electronic accessories,2019-02-02,7,26.26,193.011,183.82,9.191,0.0476
SS_B|Electronic accessories,2019-02-06,16,33.26,558.81,532.2,26.61,0.0476
SS_B|Electronic accessories,2019-02-07,24,63.89,1609.9650000000001,1533.3,76.665,0.0476
SS_B|Electronic accessories,2019-02-09,3,81.4,256.41,244.2,12.21,0.0476
SS_B|Electronic accessories,2019-02-10,9,28.65,270.7425,257.85,12.8925,0.0476
SS_B|Electronic accessories,2019-02-12,1,39.48,41.454,39.48,1.974,0.0476
SS_B|Electronic accessories,2019-02-15,9,88.25,833.9625,794.25,39.7125,0.0476
SS_B|Electronic accessories,2019-02-17,14,57.9,851.151,810.6200000000001,40.531,0.0476
SS_B|Electronic accessories,2019-02-23,17,47.06,839.9895,799.99,39.999500000000005,0.0476
SS_B|Electronic accessories,2019-02-25,11,51.6,596.0324999999999,567.65,28.3825,0.0476
SS_B|Electronic accessories,2019-02-26,6,90.7,571.41,544.2,27.21,0.0476
SS_B|Electronic accessories,2019-02-28,1,60.3,63.315,60.3,3.015,0.0476
SS_B|Electronic accessories,2019-03-01,3,27.5,86.625,82.5,4.125,0.0476
SS_B|Electronic accessories,2019-03-02,19,58.89,1174.9395,1118.99,55.9495,0.0476
SS_B|Electronic accessories,2019-03-04,9,19.24,181.818,173.16,8.658,0.0476
SS_B|Electronic accessories,2019-03-06,5,28.38,148.995,141.9,7.095,0.0476
SS_B|Electronic accessories,2019-03-09,8,59.74,501.774,477.88,23.894000000000002,0.0476
SS_B|Electronic accessories,2019-03-10,1,25.45,26.7225,25.45,1.2725,0.0476
SS_B|Electronic accessories,2019-03-11,5,34.49,181.0725,172.45,8.6225,0.0476
SS_B|Electronic accessories,2019-03-12,3,10.59,33.3585,31.77,1.5885,0.0476
SS_B|Electronic accessories,2019-03-14,9,21.58,203.931,194.22,9.711,0.0476
SS_B|Electronic accessories,2019-03-15,4,57.49,241.458,229.96,11.498,0.0476
SS_B|Electronic accessories,2019-03-16,4,95.64,401.688,382.56,19.128,0.0476
SS_B|Electronic accessories,2019-03-25,4,52.89,222.138,211.56,10.578,0.0476
SS_B|Electronic accessories,2019-03-26,3,45.71,143.9865,137.13,6.8565,0.0476
SS_B|Electronic accessories,2019-03-27,2,55.67,116.907,111.34,5.567,0.0476
SS_B|Fashion accessories,2019-01-02,9,40.61,383.7645,365.49,18.2745,0.0476
SS_B|Fashion accessories,2019-01-04,4,68.71,288.582,274.84,13.742,0.0476
SS_B|Fashion accessories,2019-01-05,1,73.96,77.658,73.96,3.698,0.0476
SS_B|Fashion accessories,2019-01-07,13,70.88,967.5225,921.45,46.072500000000005,0.0476
SS_B|Fashion accessories,2019-01-08,10,65.23,684.915,652.3,32.615,0.0476
SS_B|Fashion accessories,2019-01-10,7,79.86,586.971,559.02,27.951,0.0476
SS_B|Fashion accessories,2019-01-12,10,83.25,874.125,832.5,41.625,0.0476
SS_B|Fashion accessories,2019-01-13,2,59.86,125.706,119.72,5.986,0.0476
SS_B|Fashion accessories,2019-01-14,4,18.08,75.936,72.32,3.616,0.0476
SS_B|Fashion accessories,2019-01-15,2,73.52,154.392,147.04,7.352,0.0476
SS_B|Fashion accessories,2019-01-16,5,41.64,218.60999999999999,208.2,10.41,0.0476
SS_B|Fashion accessories,2019-01-18,6,17.48,110.124,104.88,5.244,0.0476
SS_B|Fashion accessories,2019-01-24,3,93.22,293.643,279.66,13.983,0.0476
SS_B|Fashion accessories,2019-01-25,9,44.36,419.22299999999996,399.26,19.963,0.0476
SS_B|Fashion accessories,2019-01-26,12,45.19,569.3520000000001,542.24,27.112000000000002,0.0476
SS_B|Fashion accessories,2019-01-29,4,32.62,137.004,130.48,6.524,0.0476
SS_B|Fashion accessories,2019-01-31,2,69.08,145.068,138.16,6.908,0.0476
SS_B|Fashion accessories,2019-02-02,7,25.56,187.866,178.92,8.946,0.0476
SS_B|Fashion accessories,2019-02-03,1,53.78,56.469,53.78,2.689,0.0476
SS_B|Fashion accessories,2019-02-04,2,72.04,151.284,144.08,7.204,0.0476
SS_B|Fashion accessories,2019-02-06,4,14.48,60.816,57.92,2.896,0.0476
SS_B|Fashion accessories,2019-02-07,5,63.71,334.4775,318.55,15.9275,0.0476
SS_B|Fashion accessories,2019-02-08,1,33.52,35.196,33.52,1.676,0.0476
SS_B|Fashion accessories,2019-02-09,3,57.27,180.4005,171.81,8.5905,0.0476
SS_B|Fashion accessories,2019-02-12,8,94.87,796.908,758.96,37.948,0.0476
SS_B|Fashion accessories,2019-02-13,5,29.56,155.19,147.8,7.39,0.0476
SS_B|Fashion accessories,2019-02-15,7,72.84,535.374,509.88,25.494,0.0476
SS_B|Fashion accessories,2019-02-16,14,47.19,693.693,660.66,33.033,0.0476
SS_B|Fashion accessories,2019-02-21,4,73.82,310.044,295.28,14.764,0.0476
SS_B|Fashion accessories,2019-02-22,25,36.4,955.374,909.88,45.494,0.0476
SS_B|Fashion accessories,2019-02-24,2,83.77,175.917,167.54,8.377,0.0476
SS_B|Fashion accessories,2019-02-25,5,94.13,494.1825,470.65,23.5325,0.0476
SS_B|Fashion accessories,2019-02-26,2,99.89,209.769,199.78,9.989,0.0476
SS_B|Fashion accessories,2019-02-27,13,27.3,372.70799999999997,354.96,17.748,0.0476
SS_B|Fashion accessories,2019-02-28,10,41.09,431.445,410.9,20.545,0.0476
SS_B|Fashion accessories,2019-03-01,7,81.31,597.6285,569.17,28.4585,0.0476
SS_B|Fashion accessories,2019-03-05,5,21.94,115.185,109.7,5.485,0.0476
SS_B|Fashion accessories,2019-03-06,2,49.92,104.832,99.84,4.992,0.0476
SS_B|Fashion accessories,2019-03-09,15,74.7,1176.567,1120.54,56.027,0.0476
SS_B|Fashion accessories,2019-03-13,6,37.1,233.73000000000002,222.6,11.13,0.0476
SS_B|Fashion accessories,2019-03-14,11,42.94,496.0095,472.39,23.619500000000002,0.0476
SS_B|Fashion accessories,2019-03-15,2,27.18,57.078,54.36,2.718,0.0476
SS_B|Fashion accessories,2019-03-19,8,25.42,213.528,203.36,10.168,0.0476
SS_B|Fashion accessories,2019-03-20,3,77.38,243.7365,232.13,11.6065,0.0476
SS_B|Fashion accessories,2019-03-22,4,17.87,75.054,71.48,3.574,0.0476
SS_B|Fashion accessories,2019-03-23,4,91.54,384.468,366.16,18.308,0.0476
SS_B|Fashion accessories,2019-03-24,6,58.75,370.125,352.5,17.625,0.0476
SS_B|Fashion accessories,2019-03-28,3,30.37,95.6655,91.11,4.5555,0.0476
SS_B|Food and beverages,2019-01-01,18,56.4,1066.023,1015.26,50.763,0.0476
SS_B|Food and beverages,2019-01-05,1,71.2,74.76,71.2,3.56,0.0476
SS_B|Food and beverages,2019-01-07,4,89.14,374.388,356.56,17.828,0.0476
SS_B|Food and beverages,2019-01-08,20,53.9,1132.0049999999999,1078.1,53.905,0.0476
SS_B|Food and beverages,2019-01-13,2,72.39,152.019,144.78,7.239,0.0476
SS_B|Food and beverages,2019-01-14,12,84.16,1060.3635,1009.87,50.4935,0.0476
SS_B|Food and beverages,2019-01-17,2,57.89,121.569,115.78,5.789,0.0476
SS_B|Food and beverages,2019-01-18,8,19.79,166.236,158.32,7.916,0.0476
SS_B|Food and beverages,2019-01-22,5,28.86,151.515,144.3,7.215,0.0476
SS_B|Food and beverages,2019-01-25,12,65.11,820.4385,781.37,39.0685,0.0476
SS_B|Food and beverages,2019-01-26,12,76.23,960.4454999999999,914.71,45.7355,0.0476
SS_B|Food and beverages,2019-01-29,6,84.05,529.515,504.3,25.215,0.0476
SS_B|Food and beverages,2019-02-02,9,46.55,439.8975,418.95,20.9475,0.0476
SS_B|Food and beverages,2019-02-03,5,47.16,247.59,235.8,11.79,0.0476
SS_B|Food and beverages,2019-02-04,5,32.23,169.18650000000002,161.13,8.0565,0.0476
SS_B|Food and beverages,2019-02-05,9,42.82,404.649,385.38,19.269,0.0476
SS_B|Food and beverages,2019-02-06,9,20.01,189.0945,180.09,9.0045,0.0476
SS_B|Food and beverages,2019-02-07,10,54.36,570.78,543.6,27.18,0.0476
SS_B|Food and beverages,2019-02-11,10,77.2,810.6,772.0,38.6,0.0476
SS_B|Food and beverages,2019-02-15,9,77.4,731.43,696.6,34.83,0.0476
SS_B|Food and beverages,2019-02-20,20,48.9,1026.837,977.9399999999999,48.897,0.0476
SS_B|Food and beverages,2019-02-23,3,98.79,311.1885,296.37,14.8185,0.0476
SS_B|Food and beverages,2019-02-24,8,26.43,222.012,211.44,10.572,0.0476
SS_B|Food and beverages,2019-02-25,4,62.85,263.97,251.4,12.57,0.0476
SS_B|Food and beverages,2019-02-26,6,26.6,167.58,159.6,7.98,0.0476
SS_B|Food and beverages,2019-03-01,1,53.72,56.406,53.72,2.686,0.0476
SS_B|Food and beverages,2019-03-03,10,73.05,767.025,730.5,36.525,0.0476
SS_B|Food and beverages,2019-03-05,6,33.3,209.79,199.8,9.99,0.0476
SS_B|Food and beverages,2019-03-06,7,62.08,456.288,434.56,21.728,0.0476
SS_B|Food and beverages,2019-03-08,5,17.63,92.5575,88.15,4.4075,0.0476
SS_B|Food and beverages,2019-03-10,10,29.96,314.538,299.56,14.978000000000002,0.0476
SS_B|Food and beverages,2019-03-14,8,53.21,446.964,425.68,21.284,0.0476
SS_B|Food and beverages,2019-03-20,6,50.39,317.457,302.34,15.116999999999999,0.0476
SS_B|Food and beverages,2019-03-27,6,30.74,193.6305,184.41,9.2205,0.0476
SS_B|Food and beverages,2019-03-30,2,93.4,196.14,186.8,9.34,0.0476
SS_B|Health and beauty,2019-01-02,10,34.21,359.205,342.1,17.105,0.0476
SS_B|Health and beauty,2019-01-03,8,62.0,520.8,496.0,24.8,0.0476
SS_B|Health and beauty,2019-01-06,9,80.47,760.4415,724.23,36.2115,0.0476
SS_B|Health and beauty,2019-01-12,3,47.17,148.5855,141.51,7.0755,0.0476
SS_B|Health and beauty,2019-01-14,1,17.75,18.6375,17.75,0.8875,0.0476
SS_B|Health and beauty,2019-01-15,10,66.47,697.935,664.7,33.235,0.0476
SS_B|Health and beauty,2019-01-22,6,55.81,351.603,334.86,16.743,0.0476
SS_B|Health and beauty,2019-01-25,5,60.13,315.6615,300.63,15.031500000000001,0.0476
SS_B|Health and beauty,2019-01-26,9,69.37,655.5465,624.33,31.2165,0.0476
SS_B|Health and beauty,2019-01-27,4,96.16,403.872,384.64,19.232,0.0476
SS_B|Health and beauty,2019-01-28,26,79.4,2167.5989999999997,2064.38,103.21900000000001,0.0476
SS_B|Health and beauty,2019-02-05,9,58.24,550.368,524.16,26.208,0.0476
SS_B|Health and beauty,2019-02-06,10,25.9,271.95,259.0,12.95,0.0476
SS_B|Health and beauty,2019-02-11,9,84.09,794.6505,756.81,37.8405,0.0476
SS_B|Health and beauty,2019-02-14,4,75.74,318.108,302.96,15.148,0.0476
SS_B|Health and beauty,2019-02-15,13,67.99,928.032,883.8399999999999,44.192,0.0476
SS_B|Health and beauty,2019-02-18,2,14.76,30.996,29.52,1.476,0.0476
SS_B|Health and beauty,2019-02-20,5,66.68,350.07,333.4,16.67,0.0476
SS_B|Health and beauty,2019-02-21,3,39.91,125.7165,119.73,5.9865,0.0476
SS_B|Health and beauty,2019-02-23,4,17.97,75.474,71.88,3.594,0.0476
SS_B|Health and beauty,2019-02-25,12,49.24,620.3820000000001,590.84,29.541999999999998,0.0476
SS_B|Health and beauty,2019-02-26,6,99.71,628.173,598.26,29.913,0.0476
SS_B|Health and beauty,2019-02-27,25,44.29,1162.5075,1107.15,55.3575,0.0476
SS_B|Health and beauty,2019-03-01,5,36.7,192.654,183.48000000000002,9.174,0.0476
SS_B|Health and beauty,2019-03-02,3,73.41,231.2415,220.23,11.0115,0.0476
SS_B|Health and beauty,2019-03-05,24,46.03,1159.8825,1104.65,55.2325,0.0476
SS_B|Health and beauty,2019-03-12,10,61.82,649.1625,618.25,30.9125,0.0476
SS_B|Health and beauty,2019-03-13,10,18.11,190.155,181.1,9.055,0.0476
SS_B|Health and beauty,2019-03-14,10,82.58,867.09,825.8,41.29,0.0476
SS_B|Health and beauty,2019-03-15,9,19.86,187.719,178.78,8.939,0.0476
SS_B|Health and beauty,2019-03-19,7,30.35,223.0725,212.45,10.6225,0.0476
SS_B|Health and beauty,2019-03-24,5,82.88,435.12,414.4,20.72,0.0476
SS_B|Health and beauty,2019-03-29,27,72.66,2059.932,1961.8400000000001,98.092,0.0476
SS_B|Health and beauty,2019-03-30,17,85.62,1528.317,1455.54,72.777,0.0476
SS_B|Home and lifestyle,2019-01-03,6,63.15,397.845,378.9,18.945,0.0476
SS_B|Home and lifestyle,2019-01-05,9,35.38,334.341,318.42,15.921,0.0476
SS_B|Home and lifestyle,2019-01-06,4,62.19,261.198,248.76,12.438,0.0476
SS_B|Home and lifestyle,2019-01-08,2,49.1,103.11,98.2,4.91,0.0476
SS_B|Home and lifestyle,2019-01-09,3,21.9,68.985,65.7,3.285,0.0476
SS_B|Home and lifestyle,2019-01-12,7,51.07,375.3645,357.49,17.8745,0.0476
SS_B|Home and lifestyle,2019-01-15,10,97.37,1022.385,973.7,48.685,0.0476
SS_B|Home and lifestyle,2019-01-17,8,93.61,786.2925,748.85,37.442499999999995,0.0476
SS_B|Home and lifestyle,2019-01-20,5,43.86,230.286,219.32,10.966000000000001,0.0476
SS_B|Home and lifestyle,2019-01-24,5,73.28,384.72,366.4,18.32,0.0476
SS_B|Home and lifestyle,2019-01-26,4,25.55,107.31,102.2,5.11,0.0476
SS_B|Home and lifestyle,2019-01-27,10,49.01,514.605,490.1,24.505,0.0476
SS_B|Home and lifestyle,2019-02-02,8,93.87,788.508,750.96,37.548,0.0476
SS_B|Home and lifestyle,2019-02-04,9,77.68,734.076,699.12,34.956,0.0476
SS_B|Home and lifestyle,2019-02-07,9,22.02,208.089,198.18,9.909,0.0476
SS_B|Home and lifestyle,2019-02-08,14,29.36,431.655,411.1,20.555,0.0476
SS_B|Home and lifestyle,2019-02-09,10,57.93,608.307,579.3399999999999,28.967,0.0476
SS_B|Home and lifestyle,2019-02-10,7,36.91,271.2885,258.37,12.9185,0.0476
SS_B|Home and lifestyle,2019-02-11,3,77.04,242.676,231.12,11.556,0.0476
SS_B|Home and lifestyle,2019-02-12,10,60.38,633.99,603.8,30.19,0.0476
SS_B|Home and lifestyle,2019-02-15,5,17.77,93.2925,88.85,4.4425,0.0476
SS_B|Home and lifestyle,2019-02-22,3,68.97,217.2555,206.91,10.3455,0.0476
SS_B|Home and lifestyle,2019-02-25,5,82.04,430.71,410.2,20.51,0.0476
SS_B|Home and lifestyle,2019-03-02,28,71.87,2112.9255,2012.31,100.6155,0.0476
SS_B|Home and lifestyle,2019-03-03,16,62.3,1046.724,996.88,49.844,0.0476
SS_B|Home and lifestyle,2019-03-05,14,89.99,1322.874,1259.8799999999999,62.994,0.0476
SS_B|Home and lifestyle,2019-03-06,8,71.86,603.624,574.88,28.744,0.0476
SS_B|Home and lifestyle,2019-03-07,7,40.53,297.906,283.72,14.186,0.0476
SS_B|Home and lifestyle,2019-03-09,7,52.18,383.523,365.26,18.263,0.0476
SS_B|Home and lifestyle,2019-03-11,2,40.3,84.63,80.6,4.03,0.0476
SS_B|Home and lifestyle,2019-03-12,7,40.73,299.3655,285.11,14.2555,0.0476
SS_B|Home and lifestyle,2019-03-15,11,17.16,198.1455,188.71,9.4355,0.0476
SS_B|Home and lifestyle,2019-03-17,9,11.28,106.596,101.52,5.076,0.0476
SS_B|Home and lifestyle,2019-03-18,6,71.91,453.033,431.46000000000004,21.573,0.0476
SS_B|Home and lifestyle,2019-03-19,4,38.81,163.002,155.24,7.762,0.0476
SS_B|Home and lifestyle,2019-03-20,5,92.36,484.89,461.8,23.09,0.0476
SS_B|Home and lifestyle,2019-03-24,6,99.92,629.496,599.52,29.976,0.0476
SS_B|Home and lifestyle,2019-03-26,9,12.29,116.1405,110.61,5.5305,0.0476
SS_B|Sports and travel,2019-01-02,6,44.63,281.169,267.78,13.389,0.0476
SS_B|Sports and travel,2019-01-03,1,93.38,98.049,93.38,4.669,0.0476
SS_B|Sports and travel,2019-01-04,3,46.42,146.223,139.26,6.963,0.0476
SS_B|Sports and travel,2019-01-08,5,55.03,288.918,275.15999999999997,13.758,0.0476
SS_B|Sports and travel,2019-01-09,8,11.85,99.54,94.8,4.74,0.0476
SS_B|Sports and travel,2019-01-10,8,83.78,703.752,670.24,33.512,0.0476
SS_B|Sports and travel,2019-01-12,6,23.01,144.963,138.06,6.903,0.0476
SS_B|Sports and travel,2019-01-13,6,72.6,457.38,435.6,21.78,0.0476
SS_B|Sports and travel,2019-01-14,1,34.81,36.5505,34.81,1.7405,0.0476
SS_B|Sports and travel,2019-01-15,6,93.72,590.436,562.32,28.116,0.0476
SS_B|Sports and travel,2019-01-16,7,90.74,666.939,635.18,31.759,0.0476
SS_B|Sports and travel,2019-01-17,2,40.62,85.302,81.24,4.062,0.0476
SS_B|Sports and travel,2019-01-19,3,63.06,198.639,189.18,9.459,0.0476
SS_B|Sports and travel,2019-01-21,1,98.13,103.0365,98.13,4.9065,0.0476
SS_B|Sports and travel,2019-01-24,16,56.53,949.704,904.48,45.224,0.0476
SS_B|Sports and travel,2019-01-25,2,21.87,45.927,43.74,2.187,0.0476
SS_B|Sports and travel,2019-01-26,5,51.54,270.585,257.7,12.885,0.0476
SS_B|Sports and travel,2019-01-28,9,78.07,737.7615,702.63,35.1315,0.0476
SS_B|Sports and travel,2019-01-29,10,26.67,280.035,266.7,13.335,0.0476
SS_B|Sports and travel,2019-01-31,7,79.34,583.1700000000001,555.4,27.77,0.0476
SS_B|Sports and travel,2019-02-03,13,53.73,733.4355,698.51,34.9255,0.0476
SS_B|Sports and travel,2019-02-05,2,16.49,34.629,32.98,1.649,0.0476
SS_B|Sports and travel,2019-02-08,15,81.82,1288.6019999999999,1227.24,61.361999999999995,0.0476
SS_B|Sports and travel,2019-02-10,4,34.84,146.328,139.36,6.968,0.0476
SS_B|Sports and travel,2019-02-13,10,16.29,171.003,162.86,8.143,0.0476
SS_B|Sports and travel,2019-02-14,7,60.08,441.588,420.56,21.028,0.0476
SS_B|Sports and travel,2019-02-15,1,88.31,92.7255,88.31,4.4155,0.0476
SS_B|Sports and travel,2019-02-16,10,51.91,545.055,519.1,25.955,0.0476
SS_B|Sports and travel,2019-02-19,7,64.08,470.988,448.56,22.428,0.0476
SS_B|Sports and travel,2019-02-20,10,31.99,335.895,319.9,15.995,0.0476
SS_B|Sports and travel,2019-02-24,6,57.95,365.085,347.7,17.385,0.0476
SS_B|Sports and travel,2019-02-25,1,88.45,92.8725,88.45,4.4225,0.0476
SS_B|Sports and travel,2019-02-26,5,87.32,458.4405,436.61,21.8305,0.0476
SS_B|Sports and travel,2019-02-27,5,67.27,353.1675,336.35,16.8175,0.0476
SS_B|Sports and travel,2019-03-02,2,25.31,53.151,50.62,2.531,0.0476
SS_B|Sports and travel,2019-03-05,10,69.74,732.27,697.4,34.87,0.0476
SS_B|Sports and travel,2019-03-06,14,48.07,706.6814999999999,673.03,33.6515,0.0476
SS_B|Sports and travel,2019-03-09,9,99.96,944.622,899.64,44.982,0.0476
SS_B|Sports and travel,2019-03-11,7,29.61,217.6335,207.27,10.3635,0.0476
SS_B|Sports and travel,2019-03-12,4,97.74,410.508,390.96,19.548,0.0476
SS_B|Sports and travel,2019-03-15,11,92.24,1065.372,1014.64,50.732,0.0476
SS_B|Sports and travel,2019-03-16,11,38.06,439.6035,418.66999999999996,20.9335,0.0476
SS_B|Sports and travel,2019-03-17,6,54.51,343.413,327.06,16.353,0.0476
SS_B|Sports and travel,2019-03-20,8,75.92,637.728,607.36,30.368,0.0476
SS_B|Sports and travel,2019-03-21,4,49.49,207.858,197.96,9.898,0.0476
SS_B|Sports and travel,2019-03-22,14,66.4,976.038,929.5600000000001,46.478,0.0476
SS_B|Sports and travel,2019-03-24,5,24.77,130.0425,123.85,6.1925,0.0476
SS_B|Sports and travel,2019-03-25,2,93.31,195.951,186.62,9.331,0.0476
SS_B|Sports and travel,2019-03-26,1,39.12,41.076,39.12,1.956,0.0476
SS_B|Sports and travel,2019-03-27,6,93.39,588.357,560.34,28.017,0.0476
SS_C|Electronic accessories,2019-01-01,2,63.22,132.762,126.44,6.322,0.0476
SS_C|Electronic accessories,2019-01-04,9,66.65,629.8425,599.85,29.9925,0.0476
SS_C|Electronic accessories,2019-01-09,7,96.37,708.3195,674.59,33.7295,0.0476
SS_C|Electronic accessories,2019-01-10,5,74.79,392.6475,373.95,18.6975,0.0476
SS_C|Electronic accessories,2019-01-13,10,41.65,437.325,416.5,20.825,0.0476
SS_C|Electronic accessories,2019-01-14,16,52.09,875.1015,833.4300000000001,41.6715,0.0476
SS_C|Electronic accessories,2019-01-15,10,55.87,586.635,558.7,27.935,0.0476
SS_C|Electronic accessories,2019-01-19,4,56.13,235.746,224.52,11.226,0.0476
SS_C|Electronic accessories,2019-01-23,4,83.81,351.9915,335.23,16.761499999999998,0.0476
SS_C|Electronic accessories,2019-01-27,10,46.57,488.985,465.7,23.285,0.0476
SS_C|Electronic accessories,2019-01-28,6,18.77,118.251,112.62,5.631,0.0476
SS_C|Electronic accessories,2019-01-29,10,58.76,616.98,587.6,29.38,0.0476
SS_C|Electronic accessories,2019-01-31,4,37.06,155.652,148.24,7.412,0.0476
SS_C|Electronic accessories,2019-02-01,9,23.07,218.0115,207.63,10.3815,0.0476
SS_C|Electronic accessories,2019-02-02,6,35.49,223.587,212.94,10.647,0.0476
SS_C|Electronic accessories,2019-02-07,12,49.22,620.172,590.64,29.532000000000004,0.0476
SS_C|Electronic accessories,2019-02-09,6,12.45,78.435,74.7,3.735,0.0476
SS_C|Electronic accessories,2019-02-10,10,78.13,820.365,781.3,39.065,0.0476
SS_C|Electronic accessories,2019-02-15,11,38.8,448.18199999999996,426.84000000000003,21.342,0.0476
SS_C|Electronic accessories,2019-02-16,5,12.05,63.2625,60.25,3.0125,0.0476
SS_C|Electronic accessories,2019-02-17,5,11.81,62.0025,59.05,2.9525,0.0476
SS_C|Electronic accessories,2019-02-18,1,60.95,63.9975,60.95,3.0475,0.0476
SS_C|Electronic accessories,2019-02-19,17,74.93,1337.4795,1273.79,63.6895,0.0476
SS_C|Electronic accessories,2019-02-24,10,24.74,259.77,247.4,12.37,0.0476
SS_C|Electronic accessories,2019-02-25,5,86.04,451.71,430.2,21.51,0.0476
SS_C|Electronic accessories,2019-02-27,1,99.69,104.6745,99.69,4.9845,0.0476
SS_C|Electronic accessories,2019-02-28,8,85.98,722.232,687.84,34.392,0.0476
SS_C|Electronic accessories,2019-03-03,31,47.99,1562.085,1487.7,74.385,0.0476
SS_C|Electronic accessories,2019-03-04,1,30.24,31.752,30.24,1.512,0.0476
SS_C|Electronic accessories,2019-03-07,10,46.95,493.017,469.53999999999996,23.477,0.0476
SS_C|Electronic accessories,2019-03-08,5,15.28,80.22,76.4,3.82,0.0476
SS_C|Electronic accessories,2019-03-09,6,75.91,478.233,455.46,22.773,0.0476
SS_C|Electronic accessories,2019-03-12,6,30.61,192.843,183.66,9.183,0.0476
SS_C|Electronic accessories,2019-03-14,21,52.21,1151.199,1096.38,54.819,0.0476
SS_C|Electronic accessories,2019-03-19,11,73.44,848.211,807.8199999999999,40.391000000000005,0.0476
SS_C|Electronic accessories,2019-03-24,10,64.95,681.975,649.5,32.475,0.0476
SS_C|Electronic accessories,2019-03-25,7,85.39,627.6165,597.73,29.8865,0.0476
SS_C|Electronic accessories,2019-03-26,2,84.25,176.925,168.5,8.425,0.0476
SS_C|Electronic accessories,2019-03-28,3,47.65,150.0975,142.95,7.1475,0.0476
SS_C|Electronic accessories,2019-03-29,14,67.05,985.6980000000001,938.76,46.938,0.0476
SS_C|Electronic accessories,2019-03-30,3,96.82,304.983,290.46,14.523,0.0476
SS_C|Fashion accessories,2019-01-02,2,99.82,209.622,199.64,9.982,0.0476
SS_C|Fashion accessories,2019-01-05,10,42.44,445.578,424.36,21.218000000000004,0.0476
SS_C|Fashion accessories,2019-01-06,4,81.68,343.056,326.72,16.336,0.0476
SS_C|Fashion accessories,2019-01-08,17,38.92,694.659,661.5799999999999,33.079,0.0476
SS_C|Fashion accessories,2019-01-09,15,49.15,774.144,737.28,36.864000000000004,0.0476
SS_C|Fashion accessories,2019-01-13,1,74.29,78.0045,74.29,3.7145,0.0476
SS_C|Fashion accessories,2019-01-18,7,60.74,446.439,425.18,21.259,0.0476
SS_C|Fashion accessories,2019-01-20,8,15.62,131.208,124.96,6.248,0.0476
SS_C|Fashion accessories,2019-01-23,7,45.44,333.984,318.08,15.904,0.0476
SS_C|Fashion accessories,2019-01-25,4,67.51,283.54200000000003,270.04,13.501999999999999,0.0476
SS_C|Fashion accessories,2019-01-26,6,41.54,261.702,249.24,12.462,0.0476
SS_C|Fashion accessories,2019-01-27,9,54.07,510.9615,486.63,24.3315,0.0476
SS_C|Fashion accessories,2019-01-28,5,23.82,125.055,119.1,5.955,0.0476
SS_C|Fashion accessories,2019-01-29,6,42.08,265.104,252.48,12.624,0.0476
SS_C|Fashion accessories,2019-01-31,18,78.41,1481.97,1411.4,70.57,0.0476
SS_C|Fashion accessories,2019-02-02,6,91.4,575.799,548.38,27.419,0.0476
SS_C|Fashion accessories,2019-02-05,2,69.33,145.593,138.66,6.933,0.0476
SS_C|Fashion accessories,2019-02-06,4,96.98,407.316,387.92,19.396,0.0476
SS_C|Fashion accessories,2019-02-07,16,57.27,962.115,916.3,45.815,0.0476
SS_C|Fashion accessories,2019-02-08,10,97.21,1020.705,972.1,48.605,0.0476
SS_C|Fashion accessories,2019-02-09,7,64.26,472.311,449.82,22.491,0.0476
SS_C|Fashion accessories,2019-02-10,7,73.38,539.343,513.66,25.683,0.0476
SS_C|Fashion accessories,2019-02-11,10,62.12,652.26,621.2,31.06,0.0476
SS_C|Fashion accessories,2019-02-12,1,52.35,54.9675,52.35,2.6175,0.0476
SS_C|Fashion accessories,2019-02-13,9,38.17,360.7065,343.53,17.1765,0.0476
SS_C|Fashion accessories,2019-02-15,13,94.96,1296.162,1234.44,61.721999999999994,0.0476
SS_C|Fashion accessories,2019-02-16,7,97.79,718.7565,684.53,34.2265,0.0476
SS_C|Fashion accessories,2019-02-18,3,90.22,284.193,270.66,13.533,0.0476
SS_C|Fashion accessories,2019-02-21,1,12.54,13.167,12.54,0.627,0.0476
SS_C|Fashion accessories,2019-02-28,2,93.2,195.72,186.4,9.32,0.0476
SS_C|Fashion accessories,2019-03-01,9,78.55,742.2975,706.95,35.3475,0.0476
SS_C|Fashion accessories,2019-03-02,8,67.94,570.6855,543.51,27.1755,0.0476
SS_C|Fashion accessories,2019-03-05,5,44.22,232.155,221.1,11.055,0.0476
SS_C|Fashion accessories,2019-03-07,4,16.45,69.09,65.8,3.29,0.0476
SS_C|Fashion accessories,2019-03-08,10,37.55,394.275,375.5,18.775,0.0476
SS_C|Fashion accessories,2019-03-09,1,16.28,17.094,16.28,0.814,0.0476
SS_C|Fashion accessories,2019-03-10,3,45.74,144.081,137.22,6.861,0.0476
SS_C|Fashion accessories,2019-03-13,9,17.11,161.721,154.01999999999998,7.7010000000000005,0.0476
SS_C|Fashion accessories,2019-03-14,10,59.61,625.905,596.1,29.805,0.0476
SS_C|Fashion accessories,2019-03-16,4,97.26,408.492,389.04,19.452,0.0476
SS_C|Fashion accessories,2019-03-17,10,35.19,369.495,351.9,17.595,0.0476
SS_C|Fashion accessories,2019-03-18,2,71.72,150.6225,143.45,7.1725,0.0476
SS_C|Fashion accessories,2019-03-19,10,82.63,867.615,826.3,41.315,0.0476
SS_C|Fashion accessories,2019-03-20,10,70.99,745.395,709.9,35.495,0.0476
SS_C|Fashion accessories,2019-03-23,7,67.39,495.3165,471.73,23.5865,0.0476
SS_C|Fashion accessories,2019-03-25,5,76.52,401.73,382.6,19.13,0.0476
SS_C|Fashion accessories,2019-03-26,1,48.71,51.1455,48.71,2.4355,0.0476
SS_C|Fashion accessories,2019-03-27,9,99.82,943.299,898.38,44.919,0.0476
SS_C|Fashion accessories,2019-03-30,8,10.18,85.512,81.44,4.072,0.0476
SS_C|Food and beverages,2019-01-06,10,89.48,939.54,894.8,44.74,0.0476
SS_C|Food and beverages,2019-01-07,3,27.22,85.743,81.66,4.083,0.0476
SS_C|Food and beverages,2019-01-08,20,63.86,1341.0285,1277.17,63.8585,0.0476
SS_C|Food and beverages,2019-01-10,9,50.49,477.1305,454.41,22.7205,0.0476
SS_C|Food and beverages,2019-01-11,7,36.77,270.2595,257.39,12.8695,0.0476
SS_C|Food and beverages,2019-01-13,4,21.04,88.368,84.16,4.208,0.0476
SS_C|Food and beverages,2019-01-14,5,42.38,222.50549999999998,211.91,10.595500000000001,0.0476
SS_C|Food and beverages,2019-01-15,5,17.44,91.56,87.2,4.36,0.0476
SS_C|Food and beverages,2019-01-16,18,72.93,1378.377,1312.74,65.637,0.0476
SS_C|Food and beverages,2019-01-17,2,65.65,137.865,131.3,6.565,0.0476
SS_C|Food and beverages,2019-01-19,12,48.65,612.99,583.8,29.189999999999998,0.0476
SS_C|Food and beverages,2019-01-21,1,68.98,72.429,68.98,3.449,0.0476
SS_C|Food and beverages,2019-01-23,16,28.86,484.848,461.76,23.088,0.0476
SS_C|Food and beverages,2019-01-27,6,90.24,568.512,541.44,27.072,0.0476
SS_C|Food and beverages,2019-01-30,15,98.02,1543.8675,1470.35,73.5175,0.0476
SS_C|Food and beverages,2019-02-01,6,87.48,551.124,524.88,26.244,0.0476
SS_C|Food and beverages,2019-02-02,9,62.91,594.489,566.18,28.309,0.0476
SS_C|Food and beverages,2019-02-03,12,70.2,884.52,842.4,42.12,0.0476
SS_C|Food and beverages,2019-02-05,6,47.27,297.801,283.62,14.181,0.0476
SS_C|Food and beverages,2019-02-06,5,90.02,472.605,450.1,22.505,0.0476
SS_C|Food and beverages,2019-02-07,6,16.48,103.824,98.88,4.944,0.0476
SS_C|Food and beverages,2019-02-09,4,21.2,89.061,84.82,4.241,0.0476
SS_C|Food and beverages,2019-02-11,10,89.2,936.6,892.0,44.6,0.0476
SS_C|Food and beverages,2019-02-12,10,87.1,914.55,871.0,43.55,0.0476
SS_C|Food and beverages,2019-02-13,2,14.87,31.227,29.74,1.487,0.0476
SS_C|Food and beverages,2019-02-14,12,39.61,499.10699999999997,475.34000000000003,23.767,0.0476
SS_C|Food and beverages,2019-02-17,5,71.39,374.7975,356.95,17.8475,0.0476
SS_C|Food and beverages,2019-02-19,4,41.24,173.208,164.96,8.248,0.0476
SS_C|Food and beverages,2019-02-22,1,30.41,31.9305,30.41,1.5205,0.0476
SS_C|Food and beverages,2019-02-23,5,71.47,375.1965,357.33,17.8665,0.0476
SS_C|Food and beverages,2019-02-25,1,48.61,51.0405,48.61,2.4305,0.0476
SS_C|Food and beverages,2019-02-26,9,22.93,216.6885,206.37,10.3185,0.0476
SS_C|Food and beverages,2019-02-27,8,94.47,793.548,755.76,37.788,0.0476
SS_C|Food and beverages,2019-03-01,4,74.89,314.538,299.56,14.978,0.0476
SS_C|Food and beverages,2019-03-04,8,98.7,829.08,789.6,39.48,0.0476
SS_C|Food and beverages,2019-03-05,10,78.31,822.255,783.1,39.155,0.0476
SS_C|Food and beverages,2019-03-07,2,99.79,209.559,199.58,9.979,0.0476
SS_C|Food and beverages,2019-03-08,6,25.78,162.435,154.7,7.734999999999999,0.0476
SS_C|Food and beverages,2019-03-09,9,98.97,935.2665,890.73,44.5365,0.0476
SS_C|Food and beverages,2019-03-11,6,46.77,294.651,280.62,14.031,0.0476
SS_C|Food and beverages,2019-03-12,11,69.3,800.4359999999999,762.3199999999999,38.116,0.0476
SS_C|Food and beverages,2019-03-14,10,77.56,814.38,775.6,38.78,0.0476
SS_C|Food and beverages,2019-03-16,9,87.8,829.71,790.2,39.51,0.0476
SS_C|Food and beverages,2019-03-17,1,22.62,23.751,22.62,1.131,0.0476
SS_C|Food and beverages,2019-03-21,6,57.29,360.927,343.74,17.187,0.0476
SS_C|Food and beverages,2019-03-24,9,33.98,321.111,305.82,15.291,0.0476
SS_C|Food and beverages,2019-03-25,6,39.43,248.409,236.58,11.829,0.0476
SS_C|Food and beverages,2019-03-26,9,16.31,154.1295,146.79,7.3395,0.0476
SS_C|Food and beverages,2019-03-28,7,44.99,330.70799999999997,314.96,15.748000000000001,0.0476
SS_C|Food and beverages,2019-03-30,8,72.52,609.168,580.16,29.008,0.0476
SS_C|Health and beauty,2019-01-01,2,62.87,132.027,125.74,6.287,0.0476
SS_C|Health and beauty,2019-01-03,3,39.37,124.02600000000001,118.12,5.906000000000001,0.0476
SS_C|Health and beauty,2019-01-05,7,78.89,579.8415,552.23,27.6115,0.0476
SS_C|Health and beauty,2019-01-14,10,55.37,581.427,553.74,27.686999999999998,0.0476
SS_C|Health and beauty,2019-01-15,7,81.23,597.0405,568.61,28.4305,0.0476
SS_C|Health and beauty,2019-01-17,2,62.82,131.922,125.64,6.282,0.0476
SS_C|Health and beauty,2019-01-18,1,39.42,41.391,39.42,1.971,0.0476
SS_C|Health and beauty,2019-01-20,7,64.08,470.988,448.56,22.428,0.0476
SS_C|Health and beauty,2019-01-21,6,99.19,624.897,595.14,29.757,0.0476
SS_C|Health and beauty,2019-01-22,6,30.57,192.5805,183.41000000000003,9.1705,0.0476
SS_C|Health and beauty,2019-01-23,12,62.89,792.4035,754.6700000000001,37.7335,0.0476
SS_C|Health and beauty,2019-01-25,18,65.53,1238.454,1179.48,58.974000000000004,0.0476
SS_C|Health and beauty,2019-01-26,3,33.81,106.5015,101.43,5.0715,0.0476
SS_C|Health and beauty,2019-01-28,8,43.43,364.8225,347.45,17.3725,0.0476
SS_C|Health and beauty,2019-01-29,1,40.35,42.3675,40.35,2.0175,0.0476
SS_C|Health and beauty,2019-02-04,9,13.85,130.8825,124.65,6.2325,0.0476
SS_C|Health and beauty,2019-02-05,13,75.43,1029.6615,980.63,49.031499999999994,0.0476
SS_C|Health and beauty,2019-02-06,9,35.31,333.6375,317.75,15.8875,0.0476
SS_C|Health and beauty,2019-02-07,10,58.95,618.975,589.5,29.475,0.0476
SS_C|Health and beauty,2019-02-08,7,37.15,273.0525,260.05,13.0025,0.0476
SS_C|Health and beauty,2019-02-09,10,84.61,888.405,846.1,42.305,0.0476
SS_C|Health and beauty,2019-02-10,2,33.47,70.287,66.94,3.347,0.0476
SS_C|Health and beauty,2019-02-14,2,58.32,122.472,116.64,5.832,0.0476
SS_C|Health and beauty,2019-02-15,12,45.28,570.4860000000001,543.3199999999999,27.166,0.0476
SS_C|Health and beauty,2019-02-16,6,47.71,300.573,286.26,14.313,0.0476
SS_C|Health and beauty,2019-02-18,4,44.07,185.094,176.28,8.814,0.0476
SS_C|Health and beauty,2019-02-19,8,21.8,183.12,174.4,8.72,0.0476
SS_C|Health and beauty,2019-02-21,5,83.66,439.215,418.3,20.915,0.0476
SS_C|Health and beauty,2019-02-24,5,10.16,53.34,50.8,2.54,0.0476
SS_C|Health and beauty,2019-02-27,7,85.87,631.1445,601.09,30.0545,0.0476
SS_C|Health and beauty,2019-03-02,7,85.6,629.16,599.2,29.96,0.0476
SS_C|Health and beauty,2019-03-03,6,46.53,293.139,279.18,13.959,0.0476
SS_C|Health and beauty,2019-03-05,7,65.31,480.0285,457.17,22.8585,0.0476
SS_C|Health and beauty,2019-03-08,12,63.78,803.628,765.36,38.268,0.0476
SS_C|Health and beauty,2019-03-10,10,81.95,860.475,819.5,40.975,0.0476
SS_C|Health and beauty,2019-03-11,7,29.67,218.0745,207.69,10.3845,0.0476
SS_C|Health and beauty,2019-03-12,4,41.5,174.3,166.0,8.3,0.0476
SS_C|Health and beauty,2019-03-16,2,15.37,32.277,30.74,1.537,0.0476
SS_C|Health and beauty,2019-03-19,4,66.14,277.788,264.56,13.228,0.0476
SS_C|Health and beauty,2019-03-23,8,54.92,461.328,439.36,21.968,0.0476
SS_C|Health and beauty,2019-03-26,2,43.7,91.77,87.4,4.37,0.0476
SS_C|Health and beauty,2019-03-30,6,70.21,442.323,421.26,21.063,0.0476
SS_C|Home and lifestyle,2019-01-07,10,21.82,229.11,218.2,10.91,0.0476
SS_C|Home and lifestyle,2019-01-08,7,49.75,365.6415,348.23,17.4115,0.0476
SS_C|Home and lifestyle,2019-01-09,10,15.8,165.9,158.0,7.9,0.0476
SS_C|Home and lifestyle,2019-01-12,10,97.5,1023.75,975.0,48.75,0.0476
SS_C|Home and lifestyle,2019-01-16,10,95.58,1003.59,955.8,47.79,0.0476
SS_C|Home and lifestyle,2019-01-19,1,88.61,93.0405,88.61,4.4305,0.0476
SS_C|Home and lifestyle,2019-01-20,8,89.25,749.7,714.0,35.7,0.0476
SS_C|Home and lifestyle,2019-01-22,5,39.39,206.7975,196.95,9.8475,0.0476
SS_C|Home and lifestyle,2019-01-23,10,69.21,726.747,692.14,34.607,0.0476
SS_C|Home and lifestyle,2019-01-24,4,79.51,333.93149999999997,318.03000000000003,15.9015,0.0476
SS_C|Home and lifestyle,2019-01-27,9,34.28,323.904,308.48,15.424,0.0476
SS_C|Home and lifestyle,2019-01-28,4,69.81,293.202,279.24,13.962,0.0476
SS_C|Home and lifestyle,2019-01-30,6,12.6,79.3905,75.61,3.7805,0.0476
SS_C|Home and lifestyle,2019-02-01,9,80.79,763.4655,727.11,36.3555,0.0476
SS_C|Home and lifestyle,2019-02-02,2,56.11,117.831,112.22,5.611,0.0476
SS_C|Home and lifestyle,2019-02-04,1,13.98,14.679,13.98,0.699,0.0476
SS_C|Home and lifestyle,2019-02-06,5,35.81,188.0025,179.05,8.9525,0.0476
SS_C|Home and lifestyle,2019-02-07,7,16.67,122.5245,116.69,5.8345,0.0476
SS_C|Home and lifestyle,2019-02-09,6,15.95,100.485,95.7,4.785,0.0476
SS_C|Home and lifestyle,2019-02-11,5,86.69,455.1225,433.45,21.6725,0.0476
SS_C|Home and lifestyle,2019-02-20,1,86.27,90.5835,86.27,4.3135,0.0476
SS_C|Home and lifestyle,2019-02-22,2,12.73,26.733,25.46,1.273,0.0476
SS_C|Home and lifestyle,2019-02-24,16,66.87,1123.479,1069.98,53.499,0.0476
SS_C|Home and lifestyle,2019-03-03,8,44.01,369.684,352.08,17.604,0.0476
SS_C|Home and lifestyle,2019-03-05,10,12.12,127.26,121.2,6.06,0.0476
SS_C|Home and lifestyle,2019-03-06,1,37.0,38.85,37.0,1.85,0.0476
SS_C|Home and lifestyle,2019-03-10,9,35.79,338.2155,322.11,16.1055,0.0476
SS_C|Home and lifestyle,2019-03-12,4,46.22,194.124,184.88,9.244,0.0476
SS_C|Home and lifestyle,2019-03-13,8,63.91,536.844,511.28,25.564,0.0476
SS_C|Home and lifestyle,2019-03-14,10,56.25,590.6669999999999,562.54,28.127000000000002,0.0476
SS_C|Home and lifestyle,2019-03-15,8,65.26,548.184,522.08,26.104,0.0476
SS_C|Home and lifestyle,2019-03-18,10,28.53,299.565,285.3,14.265,0.0476
SS_C|Home and lifestyle,2019-03-19,4,75.53,317.226,302.12,15.106,0.0476
SS_C|Home and lifestyle,2019-03-20,6,83.17,523.971,499.02,24.951,0.0476
SS_C|Home and lifestyle,2019-03-23,14,68.4,1005.5535,957.67,47.8835,0.0476
SS_C|Home and lifestyle,2019-03-24,5,77.68,407.79900000000004,388.38,19.419,0.0476
SS_C|Sports and travel,2019-01-01,16,34.07,572.376,545.12,27.256,0.0476
SS_C|Sports and travel,2019-01-02,8,31.67,266.028,253.36,12.668,0.0476
SS_C|Sports and travel,2019-01-07,1,68.12,71.526,68.12,3.406,0.0476
SS_C|Sports and travel,2019-01-09,10,95.44,1002.12,954.4,47.72,0.0476
SS_C|Sports and travel,2019-01-10,7,83.14,611.079,581.98,29.099,0.0476
SS_C|Sports and travel,2019-01-11,2,87.16,183.036,174.32,8.716,0.0476
SS_C|Sports and travel,2019-01-12,7,57.12,419.832,399.84,19.992,0.0476
SS_C|Sports and travel,2019-01-16,9,16.77,158.508,150.96,7.548,0.0476
SS_C|Sports and travel,2019-01-17,5,71.92,377.58,359.6,17.98,0.0476
SS_C|Sports and travel,2019-01-18,9,90.63,856.4535,815.67,40.7835,0.0476
SS_C|Sports and travel,2019-01-19,1,80.93,84.9765,80.93,4.0465,0.0476
SS_C|Sports and travel,2019-01-20,4,82.93,348.306,331.72,16.586,0.0476
SS_C|Sports and travel,2019-01-23,10,89.8,942.9,898.0,44.9,0.0476
SS_C|Sports and travel,2019-01-25,9,70.19,663.2955,631.71,31.5855,0.0476
SS_C|Sports and travel,2019-01-26,10,44.86,471.03,448.6,22.43,0.0476
SS_C|Sports and travel,2019-01-27,10,14.36,150.78,143.6,7.18,0.0476
SS_C|Sports and travel,2019-01-28,8,80.97,680.148,647.76,32.388,0.0476
SS_C|Sports and travel,2019-01-29,6,19.15,120.645,114.9,5.745,0.0476
SS_C|Sports and travel,2019-01-30,3,58.39,183.939,175.18,8.759,0.0476
SS_C|Sports and travel,2019-01-31,9,23.75,224.4375,213.75,10.6875,0.0476
SS_C|Sports and travel,2019-02-03,14,56.36,828.5550000000001,789.1,39.455,0.0476
SS_C|Sports and travel,2019-02-07,1,10.17,10.6785,10.17,0.5085,0.0476
SS_C|Sports and travel,2019-02-08,5,64.97,341.0925,324.85,16.2425,0.0476
SS_C|Sports and travel,2019-02-15,3,24.74,77.931,74.22,3.711,0.0476
SS_C|Sports and travel,2019-02-17,16,55.99,940.6635,895.87,44.7935,0.0476
SS_C|Sports and travel,2019-02-21,2,98.8,207.48,197.6,9.88,0.0476
SS_C|Sports and travel,2019-02-22,7,95.49,701.8515,668.43,33.4215,0.0476
SS_C|Sports and travel,2019-02-23,7,58.39,429.1665,408.73,20.4365,0.0476
SS_C|Sports and travel,2019-03-02,19,57.48,1146.747,1092.1399999999999,54.607,0.0476
SS_C|Sports and travel,2019-03-05,7,83.06,610.491,581.42,29.071,0.0476
SS_C|Sports and travel,2019-03-09,5,48.91,256.7775,244.55,12.2275,0.0476
SS_C|Sports and travel,2019-03-11,7,34.56,254.016,241.92,12.096,0.0476
SS_C|Sports and travel,2019-03-13,2,72.88,153.048,145.76,7.288,0.0476
SS_C|Sports and travel,2019-03-14,7,36.31,266.8785,254.17,12.7085,0.0476
SS_C|Sports and travel,2019-03-19,9,99.24,937.818,893.16,44.658,0.0476
SS_C|Sports and travel,2019-03-20,5,25.25,132.5625,126.25,6.3125,0.0476
SS_C|Sports and travel,2019-03-24,5,14.7,77.175,73.5,3.675,0.0476
