tenure_days,recency_days,frequency,avg_order_value,monetary_value,churned
233,233,1,77183.6,77183.6,1
275,37,5,558.17,2790.86,0
266,156,3,389.08,1167.24,0
218,218,1,294.4,294.4,1
204,170,4,160.38,641.51,0
112,112,1,89.0,89.0,1
140,140,1,1079.4,1079.4,1
122,122,1,459.4,459.4,1
233,153,2,1214.54,2429.08,0
58,58,1,404.86,404.86,0
239,97,3,1165.24,3495.73,0
108,20,2,689.14,1378.28,0
195,195,1,174.9,174.9,1
203,28,4,395.59,1582.35,0
150,17,2,276.0,552.0,1
20,20,1,578.92,578.92,0
199,199,1,320.69,320.69,1
268,182,3,894.22,2682.66,0
204,120,2,421.46,842.92,0
219,219,1,324.6,324.6,1
6,6,1,190.3,190.3,0
262,223,2,774.06,1548.12,1
37,37,1,4008.62,4008.62,1
78,78,1,414.84,414.84,0
93,93,1,562.55,562.55,0
27,27,1,1028.74,1028.74,0
260,92,5,325.71,1628.56,1
29,29,1,212.69,212.69,0
274,245,2,200.95,401.9,1
234,56,4,417.08,1668.34,0
240,153,3,353.7,1061.1,0
125,125,1,351.08,351.08,0
279,20,8,209.32,1674.57,0
43,43,1,1109.81,1109.81,0
169,27,4,258.41,1033.65,1
211,211,1,69.3,69.3,1
231,231,1,195.6,195.6,1
56,56,1,1390.39,1390.39,1
91,91,1,1621.25,1621.25,0
172,42,4,310.59,1242.36,0
168,6,4,484.76,1939.05,0
90,90,1,6207.08,6207.08,0
216,216,2,266.67,533.33,1
77,45,2,418.37,836.74,0
245,144,2,254.95,509.9,0
218,125,3,147.47,442.41,1
245,7,14,7266.99,101737.88,0
265,14,7,354.79,2483.52,0
20,20,1,668.58,668.58,1
227,22,3,162.85,488.56,0
232,3,3,227.85,683.56,1
261,8,7,205.81,1440.67,1
70,70,2,880.48,1760.96,1
102,102,1,510.73,510.73,1
279,279,1,249.5,249.5,0
191,28,7,868.13,6076.92,0
273,80,3,827.63,2482.88,0
281,27,11,430.19,4732.07,0
80,80,2,1658.33,3316.66,0
281,274,2,1893.56,3787.12,0
168,168,1,286.25,286.25,0
175,175,1,3978.99,3978.99,0
7,7,1,429.01,429.01,1
239,6,11,227.76,2505.41,0
48,48,1,770.07,770.07,0
274,274,1,155.55,155.55,1
79,29,2,1173.64,2347.27,0
151,151,1,431.49,431.49,1
95,37,2,728.44,1456.88,0
81,64,2,98.94,197.88,1
232,126,2,2653.91,5307.82,0
42,42,1,707.09,707.09,1
204,35,4,519.34,2077.36,0
162,39,2,912.7,1825.4,0
147,141,3,302.42,907.25,0
192,192,1,361.92,361.92,0
62,62,1,626.88,626.88,1
211,211,1,594.11,594.11,0
149,83,3,292.6,877.79,0
217,14,6,102.59,615.55,0
77,77,1,410.94,410.94,0
224,95,2,328.77,657.54,1
272,15,17,568.53,9665.0,0
277,46,5,909.92,4549.6,0
99,22,2,506.88,1013.75,0
237,6,13,306.47,3984.06,0
269,49,6,447.94,2687.67,0
209,8,3,2944.68,8834.03,0
244,51,3,630.98,1892.95,0
273,87,8,458.91,3671.26,0
247,6,6,215.01,1290.06,0
244,11,3,1070.22,3210.65,0
244,244,1,298.93,298.93,1
237,1,6,535.1,3210.59,0
13,13,1,108.39,108.39,0
105,73,2,189.87,379.74,1
273,69,5,152.17,760.86,0
241,14,6,274.64,1647.84,0
244,244,1,2025.39,2025.39,1
217,3,5,599.17,2995.87,1
140,140,1,73.5,73.5,1
206,42,3,350.94,1052.81,1
192,192,1,158.5,158.5,1
233,50,2,407.28,814.57,1
20,20,1,558.29,558.29,1
175,175,1,1017.68,1017.68,1
261,261,1,278.7,278.7,1
88,88,1,529.2,529.2,0
98,34,2,715.72,1431.45,0
18,18,1,288.83,288.83,0
181,50,4,457.46,1829.85,0
50,50,1,545.68,545.68,1
239,15,7,132.54,927.75,0
241,70,6,457.41,2744.48,0
2,2,1,484.3,484.3,0
233,202,2,133.46,266.92,0
220,22,4,272.34,1089.37,0
244,31,3,365.22,1095.65,0
38,38,1,981.18,981.18,1
94,94,1,371.45,371.45,0
241,170,3,1505.9,4517.69,0
269,0,11,715.9,7874.86,0
188,81,2,240.07,480.14,0
167,167,1,544.15,544.15,0
188,105,2,75.9,151.8,1
74,74,1,67.2,67.2,1
265,265,1,168.0,168.0,1
237,18,7,301.94,2113.59,0
59,59,1,308.75,308.75,0
279,66,4,2250.24,9000.96,0
227,218,2,262.86,525.71,1
51,51,1,1292.31,1292.31,0
210,210,1,238.85,238.85,1
106,34,3,481.08,1443.23,0
169,169,1,402.9,402.9,1
196,196,1,145.92,145.92,1
277,4,9,796.22,7165.98,0
160,0,15,109.71,1645.68,0
29,29,1,248.35,248.35,0
135,135,1,160.54,160.54,1
223,223,1,182.45,182.45,1
212,3,4,234.14,936.55,0
267,267,1,195.89,195.89,0
238,238,1,1412.66,1412.66,0
154,154,1,379.7,379.7,1
196,146,2,175.68,351.36,1
281,14,9,434.25,3908.21,0
188,35,4,174.65,698.59,0
259,142,2,912.05,1824.1,1
52,52,1,113.5,113.5,0
119,119,1,9341.26,9341.26,1
225,225,1,368.85,368.85,1
121,0,2,200.8,401.6,1
126,16,3,127.37,382.1,1
230,29,7,342.84,2399.9,0
150,150,1,213.95,213.95,0
176,91,2,560.4,1120.81,0
192,69,3,474.13,1422.38,0
212,34,6,121.84,731.04,0
279,20,8,215.07,1720.56,0
240,97,5,97.41,487.06,1
169,169,1,160.5,160.5,0
226,94,2,337.36,674.73,0
34,14,2,552.12,1104.25,0
170,105,3,445.51,1336.52,0
185,185,1,315.6,315.6,1
76,76,1,580.74,580.74,0
205,3,2,320.65,641.3,1
161,24,4,383.94,1535.78,0
112,112,1,561.66,561.66,0
273,8,15,614.87,9223.04,0
140,140,1,162.1,162.1,1
184,184,1,269.1,269.1,1
85,14,2,284.56,569.13,1
227,119,2,1206.91,2413.82,1
234,20,6,714.67,4288.0,0
48,4,4,623.46,2493.83,0
195,37,3,577.58,1732.75,0
62,62,1,629.64,629.64,0
231,1,6,698.7,4192.2,0
146,146,1,366.1,366.1,1
23,23,1,145.9,145.9,1
15,15,1,330.45,330.45,0
240,36,6,506.94,3041.64,1
37,37,1,477.91,477.91,1
224,17,3,406.95,1220.86,0
277,34,9,274.75,2472.71,0
62,62,1,300.05,300.05,1
120,15,3,189.84,569.51,1
242,242,1,114.0,114.0,1
239,239,1,793.98,793.98,1
204,56,2,1104.92,2209.85,1
203,105,3,100.58,301.75,0
141,24,3,838.22,2514.67,0
281,15,7,348.24,2437.66,0
230,51,3,585.83,1757.48,0
232,232,1,45.0,45.0,1
263,167,3,812.82,2438.47,0
164,58,2,713.86,1427.73,1
140,6,3,496.82,1490.47,0
237,237,1,225.9,225.9,1
234,234,1,220.9,220.9,0
115,78,2,452.4,904.8,0
219,31,4,209.51,838.05,0
261,8,6,1245.71,7474.26,0
191,113,2,399.19,798.38,0
21,21,1,275.78,275.78,0
275,59,15,596.57,8948.58,0
279,8,20,368.7,7373.92,0
273,0,12,496.35,5956.19,0
121,78,3,413.83,1241.48,0
1,0,2,731.21,1462.42,0
279,279,1,71.14,71.14,1
21,21,1,4873.81,4873.81,1
35,35,1,475.03,475.03,0
113,113,1,335.01,335.01,1
265,53,3,161.43,484.3,0
227,35,4,177.98,711.91,1
91,91,1,385.5,385.5,0
118,15,2,166.95,333.9,0
77,39,2,286.96,573.91,0
123,64,2,975.52,1951.05,0
150,150,1,301.08,301.08,0
77,13,3,300.31,900.92,0
265,66,4,982.13,3928.52,0
199,199,1,603.42,603.42,1
276,9,7,261.97,1833.77,0
274,4,11,630.07,6930.79,0
109,4,3,341.01,1023.02,1
279,14,11,318.1,3499.08,0
202,14,4,766.42,3065.7,0
14,14,1,263.36,263.36,1
41,41,1,623.9,623.9,0
153,59,2,415.49,830.98,1
277,2,17,192.7,3275.84,0
262,91,4,375.23,1500.91,0
58,22,3,309.88,929.65,0
240,81,2,122.18,244.36,0
279,279,1,371.8,371.8,1
265,92,5,271.86,1359.32,0
228,3,6,478.28,2869.7,0
240,165,3,175.77,527.31,0
21,21,1,417.01,417.01,1
272,52,8,1397.53,11180.25,0
87,87,1,218.26,218.26,1
142,142,1,383.95,383.95,1
260,260,1,110.4,110.4,1
245,223,2,344.78,689.57,1
240,240,1,144.0,144.0,1
280,280,1,137.35,137.35,1
7,7,1,975.54,975.54,1
42,42,2,270.06,540.13,1
226,52,3,2707.04,8121.13,0
277,17,8,346.18,2769.4,0
281,1,130,101.4,13182.04,0
121,38,3,918.41,2755.23,0
36,36,1,275.88,275.88,1
270,43,5,3324.18,16620.91,0
216,143,3,1003.58,3010.74,1
273,188,2,1905.98,3811.95,1
119,50,3,560.56,1681.68,0
184,24,2,1395.8,2791.59,1
183,79,2,503.76,1007.52,0
277,46,2,247.04,494.08,1
224,224,1,1693.88,1693.88,1
274,57,5,906.44,4532.19,0
146,146,1,1143.6,1143.6,1
118,118,1,1351.45,1351.45,1
219,97,4,268.67,1074.68,0
220,91,4,108.02,432.06,0
279,97,7,428.49,2999.41,0
192,192,1,549.26,549.26,0
265,57,4,428.67,1714.67,0
272,272,1,255.95,255.95,1
100,100,1,143.1,143.1,0
100,100,1,294.92,294.92,1
281,281,1,177.6,177.6,1
164,164,1,344.54,344.54,1
279,242,2,230.74,461.48,1
6,6,1,317.0,317.0,0
273,273,1,226.03,226.03,1
78,78,1,1607.04,1607.04,0
94,94,1,397.58,397.58,1
276,92,2,126.68,253.35,0
85,85,1,405.31,405.31,1
192,169,2,229.42,458.85,1
9,9,1,85.92,85.92,1
106,55,2,431.73,863.46,1
84,3,2,226.1,452.2,1
189,189,1,126.04,126.04,1
169,169,1,1182.08,1182.08,1
234,234,1,170.46,170.46,0
122,122,1,92.72,92.72,1
204,35,4,306.0,1224.0,0
273,86,4,204.66,818.62,0
38,7,3,138.5,415.51,0
268,244,2,146.5,293.0,1
79,42,4,1301.0,5204.0,0
170,170,1,215.05,215.05,1
6,6,1,267.8,267.8,0
53,53,1,417.38,417.38,1
190,190,1,312.38,312.38,1
219,45,3,704.18,2112.53,0
81,81,1,134.1,134.1,1
281,281,1,390.79,390.79,0
275,0,9,344.15,3097.39,0
134,51,4,681.69,2726.77,1
279,14,17,166.47,2829.91,0
216,216,1,310.73,310.73,0
172,67,7,241.76,1692.31,0
38,38,1,174.88,174.88,0
198,175,4,88.52,354.09,1
176,176,1,651.21,651.21,0
4,4,1,131.81,131.81,1
202,202,1,311.55,311.55,1
223,42,6,326.18,1957.1,1
226,149,2,405.18,810.37,0
280,280,1,38.1,38.1,1
210,118,2,553.2,1106.4,1
46,46,1,147.12,147.12,1
31,31,1,981.38,981.38,0
191,191,1,499.12,499.12,1
268,4,6,502.66,3015.96,0
281,93,6,267.84,1607.06,1
115,115,1,132.0,132.0,0
273,234,2,299.98,599.97,1
190,190,1,374.0,374.0,1
270,51,2,171.62,343.23,1
104,104,1,666.43,666.43,0
266,32,9,117.69,1059.23,0
174,144,2,427.5,854.99,1
183,183,1,298.0,298.0,1
31,31,1,645.35,645.35,0
127,127,1,775.0,775.0,0
163,122,2,177.06,354.12,1
200,93,3,110.33,331.0,1
209,112,2,108.25,216.5,1
178,16,19,612.6,11639.47,0
172,172,1,138.68,138.68,1
80,80,1,244.69,244.69,0
220,84,2,375.0,750.0,1
161,109,3,509.46,1528.37,0
149,42,4,371.72,1486.9,0
276,190,3,288.8,866.39,0
280,56,2,181.82,363.65,1
228,46,4,736.24,2944.95,1
36,36,1,594.0,594.0,1
77,24,3,147.22,441.65,0
281,6,24,420.14,10083.47,0
69,69,1,405.38,405.38,1
235,106,3,215.77,647.32,0
267,55,3,378.71,1136.14,0
219,219,1,117.85,117.85,1
79,79,1,221.56,221.56,0
265,9,11,2957.34,32530.7,0
191,79,2,178.74,357.49,0
227,17,4,383.84,1535.34,0
175,105,2,214.12,428.23,0
242,46,4,1997.52,7990.08,0
273,39,3,225.2,675.6,1
262,262,1,286.95,286.95,0
196,196,1,462.95,462.95,1
281,51,6,267.33,1603.99,1
172,13,4,355.99,1423.96,0
160,22,7,492.77,3449.42,0
238,81,5,150.36,751.78,0
175,0,6,307.23,1843.36,0
214,214,1,108.07,108.07,1
247,94,4,428.82,1715.29,0
21,21,1,170.54,170.54,0
273,273,1,365.8,365.8,0
279,266,2,830.45,1660.9,1
20,20,1,135.95,135.95,1
230,230,2,11.9,23.8,0
280,0,64,127.58,8165.32,0
105,105,1,144.8,144.8,1
119,119,1,738.6,738.6,1
64,64,1,39.24,39.24,1
266,65,9,819.43,7374.9,1
41,41,1,187.18,187.18,0
150,150,1,390.54,390.54,1
105,105,1,304.3,304.3,0
200,200,1,505.82,505.82,1
272,65,8,558.64,4469.14,0
218,93,2,131.95,263.9,0
20,20,1,303.56,303.56,0
206,28,3,124.13,372.4,0
176,28,2,322.74,645.47,0
225,144,2,304.24,608.47,0
153,104,3,151.96,455.88,1
272,14,3,178.28,534.85,1
234,66,11,780.23,8582.57,0
226,226,1,120.95,120.95,1
122,13,3,49.68,149.05,1
265,22,12,315.42,3785.09,0
154,81,2,256.85,513.7,1
231,231,1,229.47,229.47,1
280,280,1,50.55,50.55,1
202,56,4,253.08,1012.31,0
279,0,9,409.57,3686.09,0
189,21,5,404.5,2022.48,0
157,105,4,440.76,1763.04,0
31,31,1,425.25,425.25,0
203,0,18,281.98,5075.71,0
266,74,4,288.12,1152.47,0
37,37,1,291.4,291.4,0
183,0,3,201.4,604.2,0
262,21,6,1152.0,6912.0,1
261,46,2,386.6,773.2,0
276,276,1,402.36,402.36,0
265,265,1,190.55,190.55,1
277,277,1,165.86,165.86,0
168,168,1,333.0,333.0,0
164,46,3,293.69,881.07,1
198,91,2,295.88,591.76,0
181,181,1,516.42,516.42,1
199,199,1,560.47,560.47,1
7,7,1,305.28,305.28,1
174,174,1,197.72,197.72,0
281,35,8,335.25,2682.01,0
235,21,3,452.85,1358.55,0
226,226,1,153.78,153.78,0
274,14,13,346.61,4505.99,0
120,120,1,348.15,348.15,1
121,121,1,344.86,344.86,0
59,59,1,47.55,47.55,0
157,157,1,183.4,183.4,1
161,161,1,307.53,307.53,1
99,99,1,346.98,346.98,1
235,60,2,329.62,659.25,0
281,281,1,205.86,205.86,1
227,227,1,165.0,165.0,0
277,7,20,193.5,3870.02,0
100,100,1,228.8,228.8,1
174,174,1,177.15,177.15,1
37,37,1,919.61,919.61,1
274,198,3,192.06,576.19,0
274,14,15,461.14,6917.15,0
48,48,1,23.8,23.8,0
87,87,1,58.08,58.08,1
279,51,8,2358.76,18870.12,0
246,34,9,401.51,3613.63,1
203,65,2,208.04,416.08,1
277,7,71,609.31,43260.74,0
280,44,8,612.13,4897.02,0
267,119,4,109.94,439.75,0
281,183,8,979.06,7832.47,1
276,37,10,154.57,1545.72,0
268,30,8,579.56,4636.51,0
225,2,18,842.75,15169.46,0
7,7,1,207.36,207.36,1
142,142,1,101.19,101.19,1
273,41,19,261.14,4961.7,0
262,41,3,125.48,376.44,0
41,41,1,76.5,76.5,1
241,83,2,467.61,935.22,0
280,280,1,350.06,350.06,1
65,65,1,369.85,369.85,0
219,45,5,208.45,1042.24,0
274,21,20,539.35,10787.06,0
92,92,1,878.55,878.55,0
46,46,1,501.14,501.14,1
280,29,7,120.25,841.77,0
196,116,3,266.57,799.7,0
146,146,1,30.6,30.6,1
177,177,1,283.73,283.73,1
148,2,2,461.2,922.39,1
267,160,2,1258.23,2516.47,0
274,161,5,215.48,1077.42,0
2,2,1,64.0,64.0,1
95,95,1,324.9,324.9,0
169,169,1,77.3,77.3,1
212,181,2,54.9,109.8,1
148,91,3,295.25,885.74,0
104,104,1,3096.0,3096.0,1
120,50,3,408.89,1226.68,0
216,0,5,377.66,1888.32,0
280,41,3,163.15,489.45,0
167,17,3,570.31,1710.94,0
274,16,3,140.82,422.47,1
223,122,4,350.26,1401.03,0
240,240,1,110.95,110.95,1
280,35,2,206.9,413.8,0
7,7,1,118.8,118.8,0
272,41,10,276.6,2766.01,0
197,14,3,377.54,1132.62,0
203,203,1,1257.87,1257.87,1
276,234,2,284.6,569.2,0
206,49,3,291.07,873.2,0
226,2,4,300.26,1201.06,1
23,14,2,421.54,843.09,0
221,221,1,112.75,112.75,1
242,30,4,422.07,1688.29,1
259,259,1,354.64,354.64,0
191,191,1,417.2,417.2,1
51,38,2,208.78,417.55,0
226,107,3,317.69,953.06,0
160,160,1,505.2,505.2,0
207,207,1,140.35,140.35,0
275,275,1,165.94,165.94,0
277,224,2,1015.03,2030.06,0
268,41,8,548.97,4391.73,0
242,9,6,399.16,2394.98,0
198,38,9,163.46,1471.1,0
175,175,1,71.4,71.4,1
36,1,2,650.97,1301.94,0
245,245,1,236.02,236.02,1
23,23,1,127.0,127.0,0
113,3,2,455.97,911.94,1
43,43,1,60.7,60.7,1
170,170,1,512.13,512.13,0
269,28,5,601.84,3009.18,0
274,0,21,225.01,4725.16,0
34,34,1,319.32,319.32,0
150,28,2,154.93,309.86,0
58,58,1,197.52,197.52,0
217,63,4,207.2,828.82,0
269,36,5,831.22,4156.08,0
1,1,1,353.48,353.48,1
269,3,2,392.32,784.64,0
107,36,4,240.97,963.88,0
175,175,1,333.74,333.74,1
64,30,3,177.99,533.98,1
35,35,1,62.64,62.64,1
144,93,3,242.16,726.49,0
267,148,2,422.43,844.86,1
140,108,2,81.6,163.2,1
59,59,1,1212.26,1212.26,0
269,51,5,859.91,4299.56,0
181,181,1,108.21,108.21,1
109,109,1,257.7,257.7,1
133,133,1,160.95,160.95,1
273,46,12,182.94,2195.23,0
151,6,5,203.69,1018.45,0
244,244,1,304.24,304.24,0
120,120,1,1031.07,1031.07,1
14,14,1,439.23,439.23,0
268,71,2,159.43,318.85,0
169,169,1,329.56,329.56,1
273,4,4,162.18,648.7,1
121,20,3,90.13,270.4,1
111,111,1,585.12,585.12,1
1,0,1,121.74,121.74,1
238,84,5,367.7,1838.51,0
97,32,2,232.84,465.68,1
169,0,3,237.14,711.41,1
247,64,2,515.2,1030.4,1
281,281,1,225.7,225.7,0
113,113,1,198.87,198.87,0
193,176,2,472.05,944.1,1
171,171,1,200.29,200.29,1
233,16,23,210.63,4844.57,0
181,91,3,483.55,1450.66,0
164,20,8,316.95,2535.58,0
274,0,15,207.96,3119.34,0
175,77,6,352.97,2117.81,0
277,17,8,372.31,2978.5,0
274,274,1,590.0,590.0,1
21,21,1,138.98,138.98,1
7,7,1,137.38,137.38,0
41,24,2,62.95,125.9,0
245,30,3,266.15,798.46,1
128,70,2,386.55,773.1,0
93,93,1,25.5,25.5,0
238,238,1,201.19,201.19,1
198,69,3,656.7,1970.1,0
63,63,1,361.11,361.11,1
192,192,1,249.57,249.57,0
157,97,2,436.87,873.74,1
267,267,1,201.2,201.2,1
45,45,1,87.4,87.4,1
176,176,1,142.5,142.5,1
77,77,1,371.89,371.89,1
200,11,4,150.05,600.19,1
63,63,1,63.75,63.75,1
259,259,1,300.42,300.42,1
280,0,8,183.91,1471.25,0
28,28,1,15.0,15.0,1
111,111,1,814.95,814.95,0
216,114,2,273.32,546.64,0
232,114,2,408.82,817.65,0
58,58,1,490.11,490.11,0
247,49,3,306.11,918.34,0
162,39,2,1767.59,3535.18,0
266,106,5,262.8,1313.98,0
273,21,18,383.17,6897.07,0
121,14,3,327.05,981.15,0
268,111,7,542.71,3798.99,0
273,20,7,391.25,2738.75,0
224,224,1,1308.48,1308.48,1
274,274,1,304.2,304.2,0
223,0,3,380.31,1140.93,1
213,98,2,1354.3,2708.59,0
65,65,1,437.02,437.02,1
108,108,1,860.12,860.12,1
184,13,5,1845.91,9229.54,0
168,168,1,775.85,775.85,1
85,85,1,303.43,303.43,1
185,185,1,1656.15,1656.15,0
195,195,1,339.5,339.5,1
30,30,1,674.7,674.7,1
165,165,1,609.4,609.4,1
176,176,1,389.03,389.03,1
195,153,2,790.76,1581.53,0
125,125,1,700.6,700.6,0
245,164,2,286.7,573.4,1
273,273,1,258.28,258.28,1
279,279,1,754.87,754.87,1
184,66,2,1027.79,2055.58,0
142,7,3,289.92,869.76,1
44,44,1,136.29,136.29,0
206,21,4,615.33,2461.33,0
188,188,1,222.99,222.99,1
86,36,2,877.92,1755.84,0
237,237,1,534.57,534.57,1
39,39,2,338.55,677.1,1
140,140,1,257.89,257.89,0
111,111,1,59.8,59.8,1
217,23,5,308.69,1543.45,0
93,93,1,307.72,307.72,1
227,227,1,387.27,387.27,0
247,18,4,307.05,1228.19,0
100,100,1,457.34,457.34,1
280,35,2,310.62,621.23,1
120,120,1,217.81,217.81,0
225,112,2,278.73,557.45,1
281,7,41,435.04,17836.68,0
199,95,3,181.68,545.04,0
15,15,1,213.55,213.55,1
204,41,3,463.5,1390.5,1
113,113,1,236.0,236.0,0
280,6,15,316.28,4744.13,0
78,57,2,79.92,159.85,1
198,198,1,814.54,814.54,0
202,16,3,541.4,1624.21,1
267,90,5,311.74,1558.68,0
123,28,2,232.43,464.86,0
4,4,1,72.84,72.84,0
97,18,3,362.71,1088.12,0
98,7,4,543.4,2173.6,0
163,163,1,283.71,283.71,1
281,126,4,355.82,1423.26,0
126,32,4,355.36,1421.46,0
242,34,4,596.38,2385.5,0
178,167,2,295.0,590.0,1
197,73,2,178.49,356.98,1
274,274,1,692.94,692.94,0
115,63,3,285.02,855.06,0
267,7,10,767.84,7678.42,0
71,46,2,442.1,884.2,0
160,160,1,151.5,151.5,1
92,92,1,307.9,307.9,1
281,0,29,163.41,4739.02,0
23,7,2,82.5,165.0,1
240,240,1,241.26,241.26,0
144,144,1,226.84,226.84,1
206,99,4,357.94,1431.78,1
189,86,2,619.24,1238.47,1
199,46,4,224.89,899.55,0
142,108,2,150.48,300.95,1
164,16,4,340.33,1361.33,0
140,140,1,184.64,184.64,1
149,149,1,313.8,313.8,1
141,141,1,454.24,454.24,1
63,36,2,409.8,819.61,0
261,121,2,204.4,408.8,0
275,28,9,732.93,6596.38,0
202,13,4,112.38,449.52,1
280,55,9,120.94,1088.45,0
122,44,3,423.28,1269.84,1
195,183,2,249.32,498.63,1
219,219,1,316.26,316.26,1
276,140,3,357.48,1072.43,0
267,267,1,501.01,501.01,0
276,190,2,174.02,348.05,1
177,133,2,231.9,463.79,0
30,30,1,326.4,326.4,0
196,196,1,1340.32,1340.32,1
231,182,2,94.58,189.16,0
140,74,3,714.37,2143.12,0
277,224,2,229.26,458.52,1
53,6,3,674.26,2022.79,0
151,151,1,110.97,110.97,1
192,7,4,172.5,690.02,0
91,3,2,448.9,897.81,0
168,168,1,251.21,251.21,1
34,34,1,205.1,205.1,1
155,25,3,174.65,523.96,0
146,146,1,146.0,146.0,0
87,14,2,806.09,1612.18,0
279,45,5,477.6,2387.98,0
274,107,3,789.75,2369.24,0
127,9,3,136.29,408.86,0
156,156,1,282.88,282.88,0
234,13,4,340.63,1362.52,0
112,112,1,181.1,181.1,0
274,113,2,241.9,483.8,1
175,90,3,89.7,269.09,1
266,15,21,208.17,4371.53,0
223,2,6,165.12,990.75,0
217,148,2,157.82,315.65,0
148,148,1,113.01,113.01,0
108,108,1,182.26,182.26,0
151,4,2,339.08,678.16,1
150,50,5,152.41,762.05,0
227,227,1,91.8,91.8,1
223,31,9,306.99,2762.91,0
109,109,2,795.02,1590.05,0
188,188,1,240.68,240.68,0
123,123,1,141.86,141.86,1
153,49,2,604.86,1209.73,0
48,48,1,310.88,310.88,0
276,262,2,587.02,1174.03,1
242,242,1,110.18,110.18,0
81,81,1,187.05,187.05,1
275,275,1,109.82,109.82,0
151,151,1,239.49,239.49,1
161,0,7,154.83,1083.83,0
113,113,1,1384.25,1384.25,1
161,161,1,31.77,31.77,0
84,41,2,109.38,218.75,0
281,4,13,372.38,4840.94,0
149,0,3,397.93,1193.8,0
277,277,1,164.7,164.7,0
217,217,1,118.0,118.0,1
63,63,1,781.03,781.03,1
214,214,1,142.4,142.4,1
163,7,4,355.18,1420.72,0
87,87,1,147.0,147.0,0
211,58,4,279.1,1116.38,0
174,112,2,388.12,776.23,0
172,113,3,68.5,205.51,0
244,16,5,402.38,2011.88,1
274,64,8,289.23,2313.84,0
220,220,1,219.52,219.52,1
119,119,1,373.2,373.2,0
219,151,2,123.32,246.63,0
193,18,5,152.95,764.76,0
267,78,2,318.36,636.72,0
238,72,2,389.44,778.88,0
226,226,1,417.69,417.69,1
88,21,2,182.85,365.7,0
81,81,1,177.34,177.34,1
24,24,1,213.85,213.85,1
205,118,4,134.79,539.17,0
160,160,1,257.23,257.23,1
265,84,3,342.33,1027.0,0
246,7,8,714.8,5718.36,0
193,13,5,272.29,1361.46,0
175,7,11,279.13,3070.42,1
151,81,3,270.75,812.26,0
235,14,3,251.99,755.97,0
193,30,4,161.64,646.55,0
134,95,2,338.7,677.4,0
123,123,1,312.28,312.28,1
93,6,2,129.7,259.4,0
13,13,1,851.09,851.09,0
28,28,1,252.1,252.1,1
142,83,2,401.93,803.86,0
274,164,2,173.3,346.6,1
175,115,2,372.76,745.52,0
276,164,2,319.12,638.24,0
181,53,4,428.57,1714.27,0
149,22,2,466.48,932.97,1
245,72,2,189.82,379.65,1
109,109,1,152.34,152.34,0
112,112,1,933.3,933.3,0
228,113,2,781.5,1563.0,1
167,120,2,258.22,516.44,0
87,87,1,189.47,189.47,1
195,195,2,32.02,64.05,0
57,57,1,299.05,299.05,1
270,21,16,306.31,4900.97,0
57,57,1,48.15,48.15,0
240,209,2,93.2,186.39,1
192,59,2,243.41,486.82,1
59,59,1,232.6,232.6,1
247,245,2,1195.8,2391.59,0
63,63,1,203.46,203.46,0
95,95,1,59.5,59.5,1
193,193,1,65.13,65.13,1
90,90,1,72.0,72.0,1
144,121,2,435.79,871.58,0
281,15,39,1177.22,45911.64,0
167,6,12,147.26,1767.07,0
63,63,1,308.58,308.58,1
235,0,8,204.35,1634.77,0
226,226,1,99.5,99.5,1
281,52,2,261.34,522.68,0
210,210,1,330.79,330.79,1
223,175,2,403.2,806.41,1
179,179,1,283.33,283.33,1
223,9,5,583.76,2918.81,0
126,126,2,126.03,252.06,1
154,154,1,228.84,228.84,1
280,189,5,215.48,1077.39,1
177,177,1,138.28,138.28,1
206,36,4,239.0,955.99,0
203,154,2,153.28,306.55,1
142,113,2,169.37,338.74,0
162,24,4,199.98,799.9,1
190,39,3,791.8,2375.41,1
125,125,1,199.85,199.85,1
216,77,7,266.53,1865.7,0
8,8,1,292.68,292.68,0
218,15,5,159.4,797.02,0
69,43,2,376.3,752.6,1
154,127,2,305.3,610.59,1
142,83,2,704.84,1409.69,0
168,168,1,357.53,357.53,0
108,108,1,339.6,339.6,1
148,148,1,350.75,350.75,1
125,91,2,181.56,363.13,0
228,70,10,263.26,2632.57,0
167,15,5,182.42,912.12,0
200,3,2,540.26,1080.52,1
70,70,1,300.04,300.04,1
281,281,1,79.6,79.6,1
281,3,5,189.65,948.25,1
244,48,4,329.16,1316.63,0
196,196,1,296.25,296.25,1
154,32,6,195.9,1175.38,1
195,195,1,741.26,741.26,1
225,59,2,141.3,282.6,1
275,1,8,371.54,2972.33,0
281,109,5,470.3,2351.52,0
164,164,1,135.09,135.09,0
87,87,1,491.71,491.71,0
126,126,1,306.72,306.72,1
245,52,2,471.64,943.29,0
281,16,28,345.58,9676.37,0
275,0,8,272.08,2176.62,0
155,107,2,732.42,1464.85,0
147,4,2,341.48,682.97,0
281,37,24,515.01,12360.24,0
11,11,1,178.7,178.7,1
78,78,1,116.28,116.28,0
158,158,1,127.84,127.84,1
235,32,3,161.6,484.79,0
240,2,9,236.02,2124.15,0
275,275,1,230.4,230.4,1
272,272,1,106.4,106.4,0
76,35,2,758.0,1516.0,1
195,195,1,74.6,74.6,0
280,1,42,694.31,29161.14,0
202,24,2,344.43,688.86,1
217,217,1,558.32,558.32,1
219,46,3,1533.14,4599.42,1
163,163,1,277.07,277.07,1
197,4,4,381.5,1526.01,0
37,37,1,500.24,500.24,0
275,275,1,112.6,112.6,1
4,1,2,361.55,723.1,0
213,213,1,155.05,155.05,1
147,91,2,259.88,519.75,1
13,13,1,260.74,260.74,0
42,42,1,331.14,331.14,0
45,0,2,789.56,1579.12,1
226,80,2,1344.88,2689.75,0
259,259,1,110.7,110.7,0
227,209,3,380.12,1140.35,1
169,52,2,192.82,385.64,1
218,43,4,357.46,1429.84,0
84,84,1,189.5,189.5,1
51,41,2,150.38,300.76,0
277,46,4,362.71,1450.85,0
67,67,1,383.85,383.85,1
123,63,2,268.67,537.34,0
225,119,2,133.29,266.59,1
277,25,3,155.85,467.54,0
160,160,1,85.0,85.0,1
274,63,7,309.32,2165.27,0
268,150,2,331.96,663.93,0
274,0,3,418.33,1255.0,1
78,78,1,593.58,593.58,0
37,37,1,1595.48,1595.48,1
196,3,3,883.82,2651.46,1
273,0,20,323.46,6469.16,0
111,76,3,129.5,388.5,1
234,234,1,201.16,201.16,1
240,16,6,296.88,1781.3,0
155,155,1,305.78,305.78,1
197,44,3,127.78,383.34,0
126,126,1,138.85,138.85,0
265,31,4,770.91,3083.65,1
195,9,5,435.89,2179.47,0
216,0,9,512.52,4612.64,0
217,27,3,129.87,389.6,1
266,266,1,540.45,540.45,1
209,41,4,356.2,1424.8,0
275,53,8,210.1,1680.76,0
219,3,11,854.43,9398.68,0
161,126,4,435.7,1742.78,0
191,185,3,65.42,196.25,0
108,97,2,253.4,506.8,1
112,112,1,349.55,349.55,1
126,27,2,297.83,595.67,1
1,0,1,416.9,416.9,1
266,15,2,250.56,501.11,0
154,154,1,54.52,54.52,0
205,205,1,821.1,821.1,1
218,218,1,160.85,160.85,0
72,51,2,468.65,937.3,0
233,233,1,155.93,155.93,1
182,182,1,298.5,298.5,0
170,91,3,246.98,740.95,1
226,15,4,663.07,2652.28,0
202,202,1,201.12,201.12,0
184,34,3,470.54,1411.61,0
216,52,8,304.7,2437.63,0
99,99,1,65.38,65.38,0
161,161,1,198.2,198.2,0
29,29,1,195.15,195.15,0
259,259,1,172.25,172.25,1
42,0,4,169.56,678.25,1
41,14,2,112.72,225.45,0
234,77,2,421.32,842.65,1
44,44,1,210.0,210.0,0
188,3,2,618.76,1237.53,1
202,202,1,307.4,307.4,1
56,17,2,304.4,608.79,1
171,171,1,922.1,922.1,1
87,87,1,376.58,376.58,1
77,77,1,158.85,158.85,1
219,16,2,195.1,390.21,0
52,24,2,195.53,391.06,0
280,79,3,943.75,2831.26,0
175,109,2,242.98,485.97,0
268,268,1,102.0,102.0,1
2,2,1,537.9,537.9,0
154,154,1,179.31,179.31,0
202,84,3,224.82,674.45,1
146,125,2,1625.54,3251.07,1
260,23,5,520.87,2604.36,0
213,62,2,161.48,322.96,1
179,46,3,225.36,676.07,0
270,189,2,168.72,337.44,0
153,153,1,117.6,117.6,0
275,216,4,166.14,664.54,1
53,53,1,80.7,80.7,1
273,15,11,353.02,3883.23,0
193,14,6,330.98,1985.9,0
109,109,1,145.9,145.9,0
195,195,1,264.7,264.7,1
184,36,4,366.67,1466.67,0
114,114,1,357.98,357.98,1
273,71,3,410.05,1230.14,0
274,95,8,210.13,1681.06,0
274,34,4,204.83,819.33,0
172,15,7,396.15,2773.04,0
162,70,3,641.17,1923.5,0
147,147,1,896.67,896.67,0
121,121,1,311.3,311.3,1
51,51,1,126.35,126.35,0
238,8,6,374.57,2247.41,0
56,13,2,209.78,419.56,0
153,23,3,290.63,871.9,0
269,3,9,318.77,2868.97,0
119,119,1,635.66,635.66,1
281,140,2,654.57,1309.14,0
64,42,2,264.86,529.73,1
196,6,5,640.65,3203.26,0
123,41,3,232.19,696.56,0
220,23,3,320.73,962.19,1
113,106,2,347.8,695.61,1
185,185,1,328.8,328.8,1
183,18,3,157.67,473.02,1
265,69,4,1072.8,4291.21,1
46,6,2,400.26,800.53,0
164,63,3,210.63,631.9,1
133,133,1,440.0,440.0,1
158,158,1,273.14,273.14,0
32,29,2,163.85,327.7,1
52,52,1,165.2,165.2,0
274,29,6,276.25,1657.5,0
280,34,13,740.54,9627.03,0
274,76,6,307.56,1845.37,0
65,65,2,236.96,473.91,0
205,15,3,279.09,837.26,0
192,192,1,626.65,626.65,1
272,84,2,73.6,147.2,1
115,52,2,543.21,1086.42,0
239,2,10,273.45,2734.46,0
174,174,1,141.41,141.41,1
217,11,3,178.57,535.71,0
281,17,4,414.94,1659.75,1
192,192,1,151.59,151.59,1
280,107,3,211.97,635.92,0
213,213,1,409.93,409.93,1
225,66,3,1081.58,3244.74,0
14,14,1,485.98,485.98,0
274,21,15,579.16,8687.44,0
67,32,2,130.12,260.25,1
14,14,1,725.64,725.64,1
192,15,17,313.76,5333.97,0
268,8,13,369.67,4805.68,0
174,174,1,183.6,183.6,1
280,16,14,293.06,4102.78,0
272,20,9,866.87,7801.79,0
182,21,4,274.26,1097.03,0
174,174,1,152.55,152.55,1
4,4,1,224.67,224.67,0
228,228,1,265.85,265.85,1
172,168,2,178.4,356.81,0
169,169,1,307.92,307.92,0
37,37,1,118.67,118.67,1
182,90,3,103.47,310.4,0
281,9,6,174.9,1049.37,1
32,32,1,375.1,375.1,1
277,210,2,460.81,921.62,1
272,272,1,182.25,182.25,1
279,34,7,76.2,533.39,0
276,49,12,268.41,3220.94,0
230,36,7,3643.98,25507.89,0
232,232,1,76.32,76.32,1
266,7,10,274.54,2745.42,0
9,6,2,48.72,97.43,0
262,28,8,288.74,2309.92,0
45,45,1,191.95,191.95,1
234,50,5,988.88,4944.39,0
73,62,2,108.1,216.21,1
147,147,1,1266.23,1266.23,1
272,4,6,410.32,2461.94,0
9,9,1,291.33,291.33,0
174,27,5,651.92,3259.62,0
149,3,3,98.5,295.5,0
183,38,4,475.2,1900.82,0
262,262,1,433.5,433.5,0
238,181,2,193.26,386.53,1
29,0,2,314.44,628.87,0
51,51,1,90.0,90.0,1
218,30,3,236.57,709.71,1
163,163,1,305.54,305.54,0
168,3,3,242.08,726.23,0
227,227,1,480.91,480.91,1
91,21,5,310.49,1552.46,0
223,37,3,201.88,605.64,1
280,13,10,319.03,3190.32,0
13,13,1,285.16,285.16,0
281,281,1,311.81,311.81,1
41,41,1,115.8,115.8,1
125,64,3,950.4,2851.2,0
265,162,2,951.86,1903.73,0
193,193,1,182.8,182.8,0
141,141,1,157.2,157.2,1
128,128,1,446.62,446.62,1
267,267,1,306.18,306.18,0
142,142,1,314.51,314.51,0
147,147,2,672.81,1345.62,1
174,174,1,118.75,118.75,1
279,1,41,2396.07,98238.79,0
193,193,1,269.18,269.18,0
270,3,7,390.39,2732.73,0
277,123,3,365.87,1097.62,1
200,81,2,144.68,289.36,1
147,60,3,553.13,1659.39,0
183,183,1,120.44,120.44,1
239,73,3,129.95,389.85,0
6,6,1,363.79,363.79,1
127,127,1,114.04,114.04,0
237,79,2,603.0,1205.99,0
275,205,4,144.22,576.9,1
87,3,3,99.82,299.46,0
90,6,3,159.1,477.29,0
280,14,21,195.72,4110.12,0
239,239,1,197.65,197.65,1
218,17,4,345.86,1383.46,0
276,4,11,297.08,3267.92,0
128,16,7,322.61,2258.26,0
177,177,1,422.54,422.54,0
216,14,12,472.2,5666.45,0
160,109,2,506.0,1012.0,1
14,14,1,335.52,335.52,1
147,53,2,178.48,356.95,0
126,126,1,185.4,185.4,1
267,57,5,104.25,521.24,0
172,172,1,222.9,222.9,0
147,147,1,328.16,328.16,1
2,2,1,151.74,151.74,1
240,29,5,375.27,1876.33,0
279,13,6,317.64,1905.84,1
203,4,6,188.32,1129.93,0
185,64,3,299.72,899.16,0
276,94,4,274.57,1098.27,0
274,7,10,121.15,1211.5,0
266,155,2,316.2,632.4,1
247,21,7,373.86,2617.01,0
85,85,1,683.17,683.17,1
172,0,3,330.38,991.13,1
228,18,4,252.43,1009.73,1
177,118,2,846.0,1692.0,0
192,104,7,342.79,2399.52,0
241,199,2,381.06,762.13,0
196,91,3,308.57,925.71,1
172,23,4,393.33,1573.33,0
225,119,3,319.7,959.1,0
168,65,4,700.72,2802.86,0
280,280,1,189.3,189.3,0
281,281,1,161.0,161.0,1
234,234,1,146.85,146.85,1
224,2,9,208.99,1880.89,0
133,133,1,226.85,226.85,0
91,91,1,213.7,213.7,1
233,142,2,140.28,280.55,1
273,3,8,288.24,2305.95,0
171,127,2,846.72,1693.45,1
153,18,3,491.35,1474.06,1
186,186,1,136.77,136.77,1
226,226,1,302.58,302.58,1
272,168,2,484.53,969.06,1
226,31,4,681.46,2725.84,0
245,59,7,1340.9,9386.32,0
49,49,1,120.0,120.0,1
148,15,3,285.0,855.0,0
153,62,2,166.98,333.97,1
56,17,2,265.09,530.18,1
168,70,3,505.41,1516.24,1
239,239,1,492.65,492.65,1
133,133,1,112.32,112.32,1
162,162,1,132.09,132.09,0
150,44,3,150.02,450.05,0
197,6,3,373.25,1119.74,1
120,120,1,1629.03,1629.03,0
104,104,1,134.04,134.04,1
275,17,9,274.17,2467.54,0
84,84,1,5.9,5.9,0
150,150,1,2050.08,2050.08,0
106,106,2,41.64,83.28,0
121,121,1,426.6,426.6,1
197,42,5,166.56,832.78,0
269,269,1,777.56,777.56,0
183,28,7,336.51,2355.54,0
190,53,4,647.55,2590.21,0
276,55,3,246.47,739.41,0
182,182,1,232.6,232.6,0
268,7,37,1113.04,41182.51,0
273,15,5,487.43,2437.14,0
25,25,1,640.14,640.14,1
130,130,1,383.45,383.45,1
43,21,2,524.22,1048.45,0
281,42,4,576.97,2307.89,0
266,1,7,233.39,1633.7,0
150,150,1,310.26,310.26,1
245,94,4,213.65,854.59,0
14,14,1,120.0,120.0,1
174,37,5,310.03,1550.15,0
240,114,2,238.9,477.79,1
241,24,3,300.22,900.65,0
146,22,2,302.53,605.06,1
150,150,1,183.85,183.85,1
71,71,1,311.65,311.65,1
237,16,4,871.26,3485.03,0
43,32,2,231.33,462.66,1
55,55,1,119.04,119.04,0
266,1,7,332.67,2328.71,0
4,4,1,347.5,347.5,0
184,106,3,371.46,1114.39,0
104,69,2,294.11,588.22,1
150,150,1,309.52,309.52,1
126,126,1,134.7,134.7,1
226,38,6,189.92,1139.52,0
118,45,2,209.87,419.74,0
276,35,8,111.24,889.93,1
205,28,2,510.79,1021.58,1
168,168,1,409.57,409.57,1
182,182,1,282.93,282.93,1
72,72,1,51.0,51.0,1
181,65,4,269.74,1078.96,1
123,123,1,90.6,90.6,1
273,273,1,174.4,174.4,1
2,2,1,1124.49,1124.49,0
119,16,8,464.67,3717.35,1
184,45,10,541.97,5419.7,0
227,227,1,155.0,155.0,1
203,203,1,100.5,100.5,1
266,266,1,76.55,76.55,1
93,93,1,235.56,235.56,1
170,99,2,308.52,617.05,1
203,203,1,110.98,110.98,0
71,71,1,242.09,242.09,0
204,204,1,142.4,142.4,1
17,17,1,440.76,440.76,0
280,29,5,367.02,1835.11,0
98,98,1,311.14,311.14,0
280,52,4,397.68,1590.71,0
126,126,1,67.95,67.95,1
280,85,6,325.39,1952.32,0
279,279,1,110.35,110.35,0
121,1,10,103.61,1036.12,0
57,57,1,574.7,574.7,1
267,3,10,307.94,3079.38,0
155,38,4,368.95,1475.81,1
277,16,5,264.5,1322.52,0
27,27,1,156.75,156.75,1
184,15,5,428.55,2142.73,1
172,2,6,381.8,2290.81,0
276,30,5,388.75,1943.73,0
213,0,9,122.14,1099.27,1
218,218,1,1063.0,1063.0,1
270,270,1,121.05,121.05,1
266,7,6,218.52,1311.14,0
268,6,9,418.46,3766.13,0
16,16,1,150.44,150.44,0
272,160,2,153.57,307.14,0
7,7,1,387.52,387.52,1
119,119,1,455.18,455.18,0
175,78,2,516.08,1032.15,0
126,126,1,265.2,265.2,1
220,48,6,480.93,2885.58,0
233,147,2,165.31,330.62,0
210,210,1,470.36,470.36,1
6,6,1,89.06,89.06,1
273,273,1,63.0,63.0,1
214,214,1,131.9,131.9,1
227,227,1,2661.24,2661.24,1
273,224,2,592.86,1185.71,0
163,2,2,348.7,697.4,0
224,112,2,794.91,1589.82,1
276,46,3,330.51,991.52,0
154,154,1,303.04,303.04,0
188,104,2,300.52,601.03,0
272,272,1,102.35,102.35,0
280,154,2,199.96,399.91,0
228,88,3,161.08,483.25,1
102,102,1,360.0,360.0,0
1,1,1,127.37,127.37,0
98,98,1,119.93,119.93,1
50,39,3,211.23,633.69,0
218,218,1,113.64,113.64,1
63,63,1,1837.92,1837.92,1
218,18,3,144.78,434.34,1
169,56,3,700.89,2102.67,1
247,28,9,167.29,1505.65,0
113,6,3,176.54,529.62,1
210,154,3,346.15,1038.44,1
280,23,5,316.09,1580.45,0
220,220,1,131.7,131.7,0
195,195,1,297.64,297.64,0
263,11,8,231.58,1852.67,1
190,190,1,85.0,85.0,0
212,94,2,311.08,622.17,0
165,165,1,193.0,193.0,1
205,92,2,261.5,523.0,0
273,161,2,158.12,316.25,1
195,72,2,318.26,636.51,1
147,7,2,232.98,465.95,0
189,189,1,137.1,137.1,1
276,276,1,125.1,125.1,0
115,115,1,463.38,463.38,1
280,83,2,170.46,340.93,1
63,63,1,611.22,611.22,0
29,29,1,40.6,40.6,0
281,219,2,269.4,538.81,1
217,217,1,475.37,475.37,1
269,24,4,320.45,1281.79,0
186,41,2,183.9,367.81,0
97,20,2,167.92,335.85,0
227,91,2,125.6,251.21,1
221,57,7,166.17,1163.22,0
86,86,1,597.07,597.07,0
186,151,3,180.9,542.71,0
270,17,6,703.79,4222.74,0
277,70,3,272.99,818.96,0
184,9,4,231.17,924.69,0
41,0,2,164.94,329.89,0
140,95,2,137.64,275.28,1
196,8,3,151.86,455.59,1
239,109,2,201.56,403.11,0
126,99,2,382.82,765.65,0
49,49,1,252.45,252.45,0
198,198,1,165.0,165.0,0
106,0,2,380.35,760.7,0
16,16,1,241.09,241.09,1
268,86,5,205.77,1028.87,0
269,8,7,402.9,2820.29,0
277,6,40,132.01,5280.42,0
18,18,1,135.24,135.24,0
204,1,5,496.46,2482.32,0
260,144,4,233.21,932.85,1
260,20,2,367.49,734.98,0
226,3,14,216.41,3029.74,0
156,35,2,826.4,1652.81,0
167,167,1,170.95,170.95,1
164,164,1,106.5,106.5,0
217,217,1,195.9,195.9,0
227,76,7,186.76,1307.35,0
93,93,1,103.25,103.25,1
272,16,13,246.14,3199.85,0
269,269,1,1101.77,1101.77,0
156,109,2,437.44,874.88,0
225,58,2,326.4,652.8,1
219,219,1,289.24,289.24,1
112,112,1,125.43,125.43,0
59,59,1,164.22,164.22,1
247,126,2,156.16,312.32,0
210,210,1,186.34,186.34,0
265,2,15,104.35,1565.2,0
92,70,2,283.5,566.99,0
212,0,7,329.91,2309.38,0
269,3,4,737.28,2949.12,1
18,18,1,1432.0,1432.0,1
38,38,1,800.76,800.76,0
188,188,2,108.6,217.21,1
232,18,5,412.65,2063.24,0
280,87,9,182.2,1639.82,1
280,280,1,35.4,35.4,1
270,71,3,215.55,646.64,0
113,52,4,185.43,741.72,0
106,77,4,258.26,1033.06,1
184,184,1,237.36,237.36,1
239,92,8,181.58,1452.68,0
279,279,1,39.75,39.75,1
121,121,1,204.02,204.02,0
106,106,2,169.8,339.59,0
281,281,1,255.0,255.0,0
221,221,1,163.8,163.8,0
99,99,1,165.1,165.1,0
213,213,1,393.33,393.33,1
182,182,1,660.0,660.0,1
281,1,68,137.63,9358.91,0
169,169,1,495.0,495.0,0
270,270,1,204.0,204.0,0
204,51,3,162.12,486.36,0
225,150,3,135.36,406.08,1
245,245,1,211.8,211.8,0
153,153,1,394.44,394.44,1
191,113,2,206.39,412.78,1
266,64,3,334.3,1002.91,0
92,92,1,320.58,320.58,1
143,24,3,200.49,601.48,0
269,104,2,449.82,899.63,1
141,30,2,785.64,1571.29,0
150,150,1,331.58,331.58,0
206,143,2,315.04,630.08,0
170,170,1,114.56,114.56,1
174,174,1,344.9,344.9,1
176,176,1,300.19,300.19,0
269,28,4,497.31,1989.23,0
135,35,4,370.84,1483.36,0
266,78,2,346.9,693.81,1
206,206,1,187.5,187.5,0
183,64,2,298.54,597.09,1
262,0,42,4231.66,177729.62,0
109,109,1,236.04,236.04,1
120,120,2,291.06,582.12,0
119,119,1,415.47,415.47,0
246,246,1,344.81,344.81,0
130,130,1,810.56,810.56,0
191,77,2,145.52,291.05,1
234,63,3,212.98,638.94,0
25,25,1,123.14,123.14,0
223,53,6,273.59,1641.55,0
8,8,1,128.95,128.95,0
224,142,3,170.76,512.28,0
218,204,3,243.89,731.66,0
276,2,18,333.73,6007.21,0
240,149,3,419.75,1259.24,1
188,188,2,196.43,392.86,1
244,142,2,382.78,765.55,1
275,275,1,373.49,373.49,0
191,55,4,422.73,1690.92,0
279,3,14,1815.9,25422.56,0
119,119,1,393.95,393.95,0
109,95,2,26.0,52.0,1
270,123,2,246.72,493.44,0
14,14,1,628.38,628.38,1
281,0,16,261.65,4186.45,0
116,116,1,112.8,112.8,1
59,59,1,212.56,212.56,0
120,4,2,637.34,1274.68,0
230,45,4,147.89,591.55,1
172,172,1,172.9,172.9,1
281,27,5,291.71,1458.54,0
126,126,2,94.3,188.61,1
122,122,1,109.13,109.13,1
146,97,2,770.55,1541.1,0
224,80,7,277.35,1941.43,0
273,24,9,183.47,1651.25,0
88,50,2,103.75,207.5,0
106,106,1,179.0,179.0,1
276,62,2,350.59,701.18,0
266,1,9,439.19,3952.74,0
170,17,8,257.09,2056.73,0
20,20,1,115.72,115.72,0
273,7,9,225.51,2029.61,0
239,2,3,198.25,594.75,0
56,56,1,181.72,181.72,0
157,87,2,244.06,488.12,0
34,34,1,155.8,155.8,0
55,55,1,180.42,180.42,1
279,266,3,151.32,453.95,0
182,182,1,268.58,268.58,1
281,281,1,313.49,313.49,1
184,15,5,174.43,872.13,0
120,113,2,125.51,251.02,0
247,51,5,323.66,1618.3,0
275,18,11,822.2,9044.2,0
266,7,23,156.34,3595.71,0
261,36,2,540.88,1081.75,0
224,41,5,151.53,757.65,0
275,2,4,561.9,2247.58,0
191,105,3,482.74,1448.21,1
280,21,4,216.24,864.96,0
274,205,5,185.61,928.03,0
193,20,5,244.05,1220.26,1
157,157,1,328.2,328.2,1
276,31,4,279.69,1118.77,0
203,203,1,228.27,228.27,0
242,20,7,409.67,2867.68,0
167,52,4,371.02,1484.06,1
140,20,2,435.42,870.85,0
205,205,1,89.2,89.2,1
242,242,1,97.5,97.5,0
171,171,1,300.52,300.52,1
84,20,2,47.75,95.5,0
274,76,4,382.83,1531.32,0
35,35,1,133.2,133.2,0
265,16,6,1047.47,6284.84,0
231,140,2,438.21,876.42,1
20,20,1,139.26,139.26,1
280,45,2,350.73,701.46,0
220,13,8,232.78,1862.22,0
216,35,2,365.43,730.86,1
231,188,3,128.72,386.15,1
227,227,1,200.1,200.1,1
231,231,1,114.68,114.68,0
161,27,2,182.02,364.04,0
242,111,4,169.88,679.54,0
74,74,1,131.45,131.45,1
274,2,14,469.97,6579.62,0
218,52,2,48.7,97.4,0
277,17,9,425.83,3832.49,0
200,70,3,281.85,845.55,1
221,221,1,109.25,109.25,0
80,52,6,305.64,1833.82,0
277,11,10,186.68,1866.78,0
277,277,2,76.44,152.88,1
105,105,1,271.85,271.85,1
185,108,2,505.17,1010.34,1
161,77,2,204.82,409.63,0
100,100,1,84.72,84.72,0
81,81,1,139.77,139.77,0
274,274,1,48.8,48.8,1
102,88,3,107.14,321.43,1
276,35,7,190.5,1333.47,0
244,104,3,713.25,2139.76,1
280,92,3,177.21,531.63,0
148,28,2,214.65,429.3,0
109,13,3,448.52,1345.56,0
175,175,1,62.85,62.85,1
266,87,4,593.89,2375.57,0
216,3,3,633.84,1901.52,0
149,31,3,752.56,2257.68,0
56,56,1,309.4,309.4,1
281,3,17,340.27,5784.53,0
219,219,1,325.75,325.75,1
164,164,1,206.13,206.13,0
160,4,5,437.68,2188.42,0
119,119,1,214.5,214.5,0
182,41,6,380.3,2281.83,0
42,27,2,322.82,645.65,1
56,56,1,522.52,522.52,0
112,112,1,296.86,296.86,0
56,56,1,304.1,304.1,0
280,280,1,37.2,37.2,0
274,13,3,375.8,1127.4,0
244,93,3,236.76,710.28,1
141,28,4,324.27,1297.07,0
11,11,1,387.06,387.06,0
169,169,1,327.25,327.25,1
268,86,3,111.77,335.3,0
118,118,1,519.68,519.68,1
170,15,2,732.66,1465.32,1
266,81,6,180.5,1083.02,0
196,93,2,173.84,347.67,0
119,71,2,179.24,358.48,0
39,39,1,765.32,765.32,1
160,160,1,364.8,364.8,1
115,115,1,369.2,369.2,1
244,244,1,135.9,135.9,1
161,161,1,125.65,125.65,1
95,56,2,277.19,554.38,1
198,18,10,608.17,6081.71,0
273,112,2,234.38,468.77,1
204,204,1,175.5,175.5,0
279,42,5,198.24,991.18,0
280,9,5,164.42,822.12,0
186,32,4,599.66,2398.62,0
141,65,2,308.08,616.15,1
275,7,5,521.64,2608.18,0
281,1,109,698.21,76104.45,0
154,154,1,482.79,482.79,0
267,91,3,305.72,917.15,0
185,185,1,142.28,142.28,0
232,1,3,322.59,967.76,0
62,23,2,805.08,1610.15,1
120,120,2,488.88,977.77,1
109,109,1,903.01,903.01,0
153,153,1,310.05,310.05,1
182,16,3,787.65,2362.96,1
148,148,1,243.0,243.0,0
273,273,1,313.53,313.53,1
190,190,1,828.84,828.84,0
205,205,1,1784.71,1784.71,1
183,16,3,1690.96,5072.88,0
38,38,1,759.56,759.56,0
204,2,7,452.03,3164.19,0
38,38,1,178.5,178.5,0
127,6,4,159.81,639.23,0
272,114,7,504.94,3534.61,0
161,161,1,58.49,58.49,1
153,55,3,161.24,483.73,1
204,17,3,179.11,537.32,0
79,79,1,88.3,88.3,0
268,62,6,651.16,3906.98,0
178,178,1,126.7,126.7,1
91,91,1,294.2,294.2,0
155,155,1,206.21,206.21,1
4,4,2,298.04,596.09,1
224,45,3,373.25,1119.75,0
36,36,1,114.77,114.77,1
133,15,3,438.15,1314.45,1
234,9,4,139.99,559.96,0
238,143,4,381.81,1527.23,0
154,154,1,102.12,102.12,1
88,88,1,102.23,102.23,0
266,106,2,146.0,292.01,1
273,273,1,163.2,163.2,0
119,119,1,334.54,334.54,1
188,188,1,119.31,119.31,0
86,86,1,155.28,155.28,0
149,78,2,207.44,414.87,1
275,23,4,410.44,1641.76,1
55,55,1,1220.38,1220.38,1
274,3,20,225.29,4505.85,0
67,67,1,156.91,156.91,1
281,281,1,188.56,188.56,0
84,84,1,117.73,117.73,0
80,80,1,170.04,170.04,1
275,160,2,145.67,291.34,0
174,174,1,252.81,252.81,1
274,64,5,216.05,1080.23,0
277,24,8,626.13,5009.07,0
275,21,5,166.12,830.62,0
185,148,2,115.39,230.78,0
146,76,3,322.32,966.97,0
276,276,1,185.97,185.97,0
176,176,1,152.76,152.76,0
190,18,2,130.9,261.79,0
274,164,3,1653.03,4959.1,1
237,17,6,267.61,1605.65,0
261,140,5,528.08,2640.38,0
87,85,2,106.24,212.49,0
277,95,4,124.42,497.7,0
276,7,37,488.17,18062.28,0
78,78,1,179.93,179.93,1
107,107,1,135.93,135.93,1
270,44,13,396.36,5152.68,0
165,59,2,367.83,735.66,1
246,4,11,356.79,3924.73,0
177,177,1,343.62,343.62,1
276,24,3,107.16,321.48,0
181,181,1,121.17,121.17,1
58,58,1,377.74,377.74,0
227,227,1,207.73,207.73,1
189,64,2,239.3,478.6,0
223,183,2,744.75,1489.5,1
220,32,7,176.39,1234.76,0
242,15,7,144.09,1008.6,0
280,35,37,988.51,36575.0,0
267,125,3,271.35,814.04,0
121,121,1,370.8,370.8,1
199,72,3,952.92,2858.75,0
190,190,1,848.05,848.05,0
164,164,1,239.96,239.96,0
87,87,1,1109.53,1109.53,1
280,280,1,106.2,106.2,1
183,1,2,491.04,982.07,1
94,93,2,430.98,861.96,0
13,13,1,735.67,735.67,1
80,80,1,880.85,880.85,1
276,13,22,304.66,6702.59,0
273,120,4,223.9,895.61,1
275,116,2,124.02,248.05,0
164,164,1,88.2,88.2,1
189,189,1,306.94,306.94,1
36,2,3,678.76,2036.28,0
216,216,1,381.32,381.32,1
191,123,2,228.9,457.81,1
280,24,5,805.42,4027.1,0
111,11,4,342.65,1370.6,1
90,90,3,13305.5,39916.5,1
281,241,3,292.0,876.0,1
267,267,1,102.28,102.28,0
190,104,2,496.77,993.54,1
42,42,1,532.98,532.98,0
177,49,3,344.28,1032.83,0
280,219,6,53.25,319.5,1
135,49,3,386.42,1159.25,1
153,153,1,484.95,484.95,1
226,34,2,188.28,376.55,0
280,280,1,288.5,288.5,0
209,1,7,239.85,1678.97,0
112,42,2,395.48,790.97,0
123,28,2,337.86,675.73,0
42,42,1,244.8,244.8,1
153,153,1,266.4,266.4,1
41,41,1,358.82,358.82,1
196,196,1,295.15,295.15,0
205,22,3,544.59,1633.78,1
114,114,1,1069.47,1069.47,0
99,99,1,90.75,90.75,0
178,21,12,899.62,10795.48,0
127,34,3,390.08,1170.24,0
199,14,10,279.67,2796.73,0
77,77,1,330.11,330.11,1
170,13,3,280.74,842.23,0
209,35,3,327.47,982.42,1
148,35,4,153.72,614.86,0
147,147,1,139.05,139.05,1
4,4,1,582.9,582.9,0
244,147,2,89.48,178.96,1
172,23,5,345.62,1728.11,0
133,133,1,259.45,259.45,1
220,0,10,356.08,3560.84,0
156,135,2,362.02,724.03,0
199,72,2,663.58,1327.16,1
148,148,1,623.5,623.5,1
41,41,1,520.8,520.8,1
177,17,5,713.92,3569.62,0
95,21,6,397.2,2383.21,0
266,62,2,752.68,1505.37,0
269,20,18,498.33,8969.97,0
265,265,1,158.16,158.16,1
100,100,1,155.0,155.0,0
247,116,2,181.62,363.23,0
281,281,1,487.75,487.75,1
228,228,1,158.8,158.8,1
239,239,1,1289.5,1289.5,1
144,43,3,295.58,886.74,0
230,230,1,135.75,135.75,1
168,168,1,40.5,40.5,1
227,141,3,485.04,1455.12,0
275,275,1,87.5,87.5,1
177,83,2,217.5,435.0,0
176,62,2,311.42,622.85,1
98,98,1,235.23,235.23,0
76,76,1,229.26,229.26,0
120,4,5,373.78,1868.88,0
240,1,32,391.8,12537.67,0
273,27,3,348.11,1044.32,1
276,34,11,406.32,4469.53,0
266,160,2,386.62,773.25,0
32,0,2,96.82,193.64,1
216,2,3,322.58,967.75,0
155,34,4,233.32,933.26,0
219,13,4,332.08,1328.32,0
265,265,1,316.58,316.58,1
35,35,1,476.3,476.3,0
183,7,3,78.9,236.7,0
261,71,2,161.76,323.52,0
133,133,1,331.18,331.18,1
273,273,1,383.07,383.07,0
149,149,1,101.8,101.8,1
237,226,2,164.18,328.35,1
150,91,2,325.82,651.63,0
4,4,1,300.04,300.04,0
226,24,8,483.17,3865.35,0
84,84,1,305.75,305.75,1
188,23,5,256.81,1284.05,0
274,274,1,403.25,403.25,1
226,226,1,585.0,585.0,1
157,133,2,377.88,755.75,1
270,266,2,161.04,322.08,1
142,142,1,409.4,409.4,1
218,218,1,154.41,154.41,1
225,123,3,292.27,876.82,0
202,37,3,741.34,2224.03,0
148,147,2,214.8,429.6,1
48,21,2,306.03,612.06,1
184,184,1,197.0,197.0,1
281,125,12,187.29,2247.51,1
206,206,1,321.05,321.05,1
135,111,2,546.83,1093.65,0
92,3,2,386.39,772.78,0
219,99,3,348.46,1045.38,0
191,35,6,224.14,1344.86,0
156,156,1,297.94,297.94,0
169,42,3,838.61,2515.84,1
266,146,2,257.08,514.15,1
30,30,1,356.0,356.0,1
164,15,10,535.7,5357.03,0
149,14,7,1064.59,7452.12,0
91,91,1,300.55,300.55,0
77,77,1,173.85,173.85,0
35,35,1,300.36,300.36,1
56,56,1,98.45,98.45,1
191,191,1,317.15,317.15,1
125,76,2,311.58,623.16,1
280,8,7,258.68,1810.77,1
43,43,1,254.82,254.82,1
231,231,1,178.95,178.95,1
14,14,1,156.51,156.51,1
143,59,2,753.06,1506.12,1
246,246,1,119.3,119.3,1
90,63,2,703.88,1407.76,0
218,25,5,370.06,1850.29,0
273,2,10,159.26,1592.58,0
262,262,1,290.51,290.51,1
80,80,1,113.12,113.12,1
241,44,8,273.97,2191.78,0
273,63,4,501.59,2006.36,0
157,45,2,348.99,697.98,0
267,11,12,282.72,3392.59,0
281,2,11,330.91,3640.02,0
109,109,1,178.39,178.39,1
234,17,5,519.9,2599.49,0
274,0,7,479.75,3358.22,0
280,171,4,608.75,2435.01,0
276,21,9,414.16,3727.4,0
198,198,1,574.02,574.02,1
276,72,6,81.98,491.9,0
56,0,2,328.54,657.07,0
3,3,1,205.3,205.3,1
182,182,1,310.47,310.47,1
281,2,65,708.01,46020.75,0
262,11,3,264.93,794.8,0
18,18,1,52.0,52.0,1
107,107,1,327.97,327.97,1
24,24,1,233.54,233.54,0
234,234,1,165.0,165.0,1
191,191,1,204.5,204.5,1
199,199,1,1159.47,1159.47,0
11,11,1,161.74,161.74,1
241,241,1,311.71,311.71,1
79,42,2,377.0,754.0,0
277,274,4,415.26,1661.06,1
116,116,1,1028.56,1028.56,1
81,64,3,115.96,347.87,1
226,226,1,257.9,257.9,0
37,37,1,406.09,406.09,1
240,240,1,252.42,252.42,1
274,274,1,201.6,201.6,1
95,66,2,231.96,463.91,1
281,281,1,115.65,115.65,1
277,277,1,274.67,274.67,0
275,162,2,385.06,770.12,1
276,13,8,278.9,2231.17,0
273,28,15,375.99,5639.81,0
269,269,1,418.92,418.92,1
280,280,1,326.0,326.0,1
162,3,2,456.6,913.19,1
223,4,2,480.64,961.28,0
266,266,1,105.54,105.54,0
183,153,2,708.09,1416.18,0
240,49,4,378.36,1513.46,0
45,45,1,2007.4,2007.4,1
279,23,9,187.43,1686.9,0
36,36,1,168.0,168.0,1
130,25,2,488.61,977.22,0
266,77,7,529.04,3703.29,1
273,49,2,291.28,582.56,0
176,121,2,298.42,596.85,1
203,92,4,531.78,2127.12,0
267,77,2,321.2,642.41,1
94,94,1,394.14,394.14,1
178,178,1,140.54,140.54,1
80,80,1,500.0,500.0,1
268,268,1,338.98,338.98,0
189,189,1,124.1,124.1,0
266,112,2,718.22,1436.44,0
233,233,1,107.45,107.45,1
20,20,1,288.18,288.18,1
197,197,1,94.0,94.0,1
186,0,5,143.24,716.2,1
104,56,2,313.18,626.35,1
97,97,1,349.1,349.1,1
209,209,1,252.29,252.29,0
213,91,3,246.91,740.73,0
172,172,1,267.18,267.18,1
169,7,7,441.34,3089.41,0
90,32,2,191.1,382.21,0
79,79,1,190.53,190.53,1
150,150,1,36.2,36.2,0
221,221,1,559.61,559.61,1
190,63,3,1048.11,3144.33,0
218,123,3,246.45,739.36,0
231,231,2,48.85,97.7,1
162,162,2,191.67,383.34,1
277,165,2,317.06,634.13,0
175,121,2,266.65,533.3,1
108,15,3,195.76,587.28,0
142,142,1,484.1,484.1,0
170,170,1,200.16,200.16,1
39,39,1,156.58,156.58,1
116,44,2,118.83,237.66,0
156,156,1,594.0,594.0,1
228,17,2,342.4,684.8,0
172,172,1,113.5,113.5,1
238,238,1,155.17,155.17,1
220,220,1,494.64,494.64,1
169,93,2,323.85,647.7,0
172,172,1,237.0,237.0,0
95,0,4,175.3,701.2,0
270,270,1,179.1,179.1,1
267,191,3,144.86,434.59,1
170,170,1,237.07,237.07,1
262,262,1,214.26,214.26,1
95,2,3,78.2,234.6,1
246,246,1,1044.65,1044.65,1
277,46,15,399.48,5992.13,0
60,53,2,201.28,402.56,0
28,28,1,304.3,304.3,0
21,21,1,371.56,371.56,1
24,24,1,905.5,905.5,1
266,73,4,482.08,1928.3,0
174,69,4,56.32,225.26,1
281,244,2,634.07,1268.13,0
1,0,1,91.32,91.32,1
119,119,1,348.26,348.26,0
143,3,6,516.68,3100.09,1
178,57,3,428.98,1286.95,0
29,29,1,1119.88,1119.88,0
227,227,1,970.6,970.6,0
274,28,19,480.34,9126.37,0
277,31,5,1191.11,5955.53,0
270,270,1,141.04,141.04,1
63,21,3,697.05,2091.14,0
46,46,1,208.77,208.77,0
79,79,1,475.86,475.86,1
143,97,6,166.71,1000.27,1
238,238,1,250.0,250.0,1
267,63,2,60.5,121.0,1
281,2,17,667.77,11352.14,0
272,133,6,416.99,2501.94,0
141,141,1,267.03,267.03,1
240,32,7,229.12,1603.86,0
162,2,7,332.4,2326.78,0
281,281,1,274.93,274.93,0
262,52,5,266.16,1330.79,0
162,162,1,229.33,229.33,1
274,50,8,298.08,2384.68,0
154,57,3,387.9,1163.69,0
266,39,3,401.53,1204.59,0
235,81,4,125.72,502.9,1
71,71,1,110.92,110.92,1
22,22,1,85.13,85.13,1
196,196,1,127.86,127.86,1
280,27,7,396.05,2772.37,0
279,279,1,135.33,135.33,0
270,18,8,343.14,2745.16,0
224,65,2,809.94,1619.88,0
209,14,3,144.43,433.28,0
125,125,1,90.12,90.12,1
185,185,1,217.2,217.2,1
277,11,10,280.84,2808.38,0
123,57,3,149.89,449.67,0
259,259,1,134.55,134.55,1
266,108,2,367.81,735.62,0
240,11,5,275.14,1375.71,1
277,49,9,312.22,2809.98,0
186,17,4,388.2,1552.79,0
280,85,4,168.91,675.64,1
213,59,3,86.29,258.88,1
70,70,1,127.1,127.1,1
221,221,1,195.35,195.35,0
274,64,10,71.74,717.43,1
128,8,2,270.76,541.51,0
70,70,1,150.4,150.4,0
84,84,1,455.3,455.3,1
259,50,2,228.42,456.84,0
218,163,3,159.51,478.53,1
142,1,2,394.11,788.22,0
273,8,5,281.32,1406.59,1
112,112,1,448.83,448.83,0
280,30,11,507.77,5585.46,0
276,108,5,108.59,542.95,0
281,160,3,230.06,690.18,0
232,27,8,304.92,2439.38,0
244,244,1,104.76,104.76,1
28,28,1,285.68,285.68,0
92,92,1,298.48,298.48,1
242,11,7,133.16,932.14,0
267,13,19,387.78,7367.85,0
44,0,3,139.68,419.04,0
266,128,2,437.5,875.01,0
190,105,5,520.4,2602.0,0
49,49,1,301.03,301.03,1
164,24,4,147.03,588.13,1
143,11,4,383.56,1534.26,1
237,237,1,281.88,281.88,0
274,6,5,325.08,1625.4,0
112,112,1,396.86,396.86,0
182,29,6,391.97,2351.84,0
190,190,1,306.7,306.7,0
42,42,1,425.32,425.32,1
280,29,11,803.34,8836.74,0
267,13,4,471.8,1887.2,1
190,99,3,221.33,664.0,1
169,74,4,200.88,803.54,1
280,65,3,149.21,447.64,1
175,112,2,319.75,639.5,1
275,244,2,408.0,816.0,1
168,168,1,227.32,227.32,0
23,0,2,438.72,877.44,1
151,151,1,560.67,560.67,1
192,86,3,187.88,563.63,0
280,98,5,204.82,1024.1,1
273,43,6,147.39,884.34,0
246,225,2,154.9,309.8,1
14,14,1,138.14,138.14,1
151,76,2,1111.1,2222.21,1
125,125,1,76.32,76.32,1
171,11,3,188.51,565.54,0
204,204,1,173.05,173.05,1
178,2,5,394.58,1972.89,0
235,64,3,671.57,2014.7,0
162,123,3,348.32,1044.95,0
188,63,2,112.7,225.39,0
191,191,1,897.8,897.8,0
90,62,2,130.13,260.26,0
274,274,1,478.89,478.89,0
188,91,3,234.41,703.22,0
25,25,1,193.75,193.75,1
238,94,5,335.89,1679.45,0
269,27,2,127.05,254.1,1
8,8,1,111.0,111.0,0
160,160,1,136.8,136.8,1
280,84,8,411.35,3290.78,0
174,174,2,204.99,409.98,1
234,128,6,271.66,1629.95,0
81,80,2,348.34,696.68,1
18,18,1,853.9,853.9,0
172,172,1,211.5,211.5,1
123,48,4,573.4,2293.62,1
109,109,1,143.1,143.1,1
24,24,1,450.05,450.05,0
277,46,6,431.56,2589.34,0
191,191,1,133.25,133.25,1
195,17,3,255.44,766.31,0
274,51,2,178.35,356.7,1
277,53,4,275.28,1101.11,1
142,142,1,150.3,150.3,1
245,7,11,369.12,4060.32,0
198,16,3,471.15,1413.45,0
272,272,1,190.7,190.7,1
192,109,2,109.12,218.25,1
267,15,6,764.9,4589.39,0
120,120,1,85.0,85.0,1
114,0,2,388.61,777.22,0
280,120,2,147.06,294.12,1
190,190,1,162.3,162.3,1
108,22,2,669.72,1339.45,1
150,55,5,176.19,880.93,0
280,4,13,296.42,3853.45,0
92,21,2,217.02,434.05,0
144,144,1,302.85,302.85,0
42,42,1,196.88,196.88,1
80,28,2,262.68,525.37,0
240,143,3,14844.77,44534.3,1
274,78,4,277.04,1108.18,0
280,1,6,348.9,2093.37,0
212,212,1,79.2,79.2,1
154,154,1,91.8,91.8,0
202,16,3,381.61,1144.83,0
157,60,3,119.96,359.89,0
125,125,1,261.36,261.36,0
266,126,3,84.35,253.04,1
184,15,5,655.32,3276.62,0
133,23,3,207.28,621.83,1
279,9,19,2203.35,41863.72,0
153,153,1,104.9,104.9,1
41,41,1,241.62,241.62,1
269,149,4,261.78,1047.11,1
265,91,3,158.43,475.28,1
213,45,2,105.65,211.3,0
203,65,4,416.46,1665.83,0
22,22,1,3147.64,3147.64,0
266,266,1,351.3,351.3,1
112,112,1,1223.24,1223.24,0
176,176,1,306.64,306.64,0
57,57,1,610.01,610.01,1
210,17,5,314.35,1571.77,0
212,21,3,730.8,2192.4,1
242,93,2,240.62,481.24,0
154,15,2,348.44,696.89,1
17,17,1,137.22,137.22,0
106,2,5,510.97,2554.84,0
272,14,11,322.59,3548.5,0
184,65,2,260.94,521.88,0
277,214,4,912.82,3651.27,1
210,92,4,99.8,399.21,0
204,78,3,453.73,1361.19,0
273,13,5,354.76,1773.8,0
225,15,5,360.23,1801.14,1
147,115,2,651.96,1303.91,1
167,48,4,468.68,1874.7,0
184,39,3,528.49,1585.47,0
227,227,1,206.98,206.98,1
267,267,1,440.2,440.2,0
80,80,1,532.94,532.94,1
118,118,1,720.0,720.0,0
280,22,13,122.94,1598.16,0
48,7,2,318.07,636.14,1
232,32,2,225.56,451.11,0
162,162,1,836.79,836.79,1
185,73,3,593.57,1780.72,0
238,45,3,225.17,675.51,0
275,16,12,1179.46,14153.5,0
56,56,1,299.18,299.18,0
80,80,1,241.74,241.74,0
246,126,2,306.63,613.26,0
211,211,1,118.95,118.95,1
245,52,5,505.35,2526.76,0
196,196,1,180.68,180.68,0
76,76,1,116.16,116.16,0
105,94,2,80.36,160.71,1
269,48,9,265.97,2393.69,0
171,44,5,142.45,712.24,1
273,3,17,661.57,11246.67,0
275,197,2,408.11,816.22,0
276,6,6,127.86,767.14,0
175,42,3,374.59,1123.76,0
281,20,3,219.91,659.73,0
100,100,1,9.2,9.2,0
224,6,3,319.29,957.86,0
121,121,1,313.93,313.93,0
9,9,1,211.89,211.89,1
277,21,12,245.07,2940.87,0
185,185,2,74.82,149.64,1
192,85,6,367.96,2207.75,0
277,277,1,329.03,329.03,1
272,220,5,100.28,501.39,1
276,106,4,128.52,514.08,1
1,1,1,349.35,349.35,1
277,64,2,200.38,400.77,1
134,134,1,509.13,509.13,1
277,161,2,128.8,257.6,1
57,57,1,179.17,179.17,1
102,102,2,104.3,208.59,1
276,134,4,249.48,997.94,0
276,276,1,56.25,56.25,1
62,62,1,110.49,110.49,0
203,135,2,320.82,641.64,0
163,52,4,199.43,797.71,0
118,84,2,238.8,477.59,0
81,81,1,191.94,191.94,1
224,7,5,132.67,663.36,0
141,86,2,132.31,264.62,1
274,99,5,169.39,846.95,0
155,155,1,123.1,123.1,1
179,98,2,167.12,334.23,1
276,276,1,214.08,214.08,0
62,62,3,54.52,163.55,1
80,80,1,323.03,323.03,1
281,281,1,369.5,369.5,1
280,280,1,127.08,127.08,1
102,102,1,207.15,207.15,1
197,15,6,314.32,1885.95,0
147,147,1,108.04,108.04,1
231,20,5,80.92,404.58,1
239,15,13,449.63,5845.25,0
219,219,1,35.8,35.8,1
41,41,1,337.44,337.44,1
184,184,1,325.1,325.1,1
273,273,1,181.0,181.0,1
267,14,2,545.69,1091.38,0
193,193,1,375.17,375.17,0
133,67,2,154.6,309.2,0
277,119,4,206.01,824.04,0
280,14,8,307.96,2463.65,0
275,275,1,156.19,156.19,0
226,226,1,161.9,161.9,0
93,93,1,308.7,308.7,0
211,211,1,314.1,314.1,1
219,16,7,300.64,2104.5,0
274,274,1,307.82,307.82,1
196,3,6,482.5,2895.01,0
128,73,2,213.82,427.64,1
162,162,1,760.18,760.18,0
219,45,6,409.7,2458.2,0
281,268,3,379.46,1138.37,0
276,8,7,258.22,1807.51,0
144,31,2,571.21,1142.42,1
276,28,6,198.94,1193.63,0
195,195,1,401.37,401.37,0
274,24,5,175.95,879.76,0
270,79,3,701.75,2105.26,0
267,42,3,597.97,1793.9,0
178,90,2,137.71,275.41,0
119,119,1,101.4,101.4,1
123,88,2,363.84,727.67,0
112,112,1,139.15,139.15,0
67,67,1,441.59,441.59,0
270,153,3,130.8,392.4,1
274,0,12,182.14,2185.66,0
63,36,2,566.06,1132.12,0
279,6,35,668.84,23409.34,0
199,60,2,257.19,514.38,0
274,104,4,197.77,791.07,0
88,88,1,161.9,161.9,0
272,44,7,421.75,2952.25,0
168,168,1,602.63,602.63,1
174,100,2,250.34,500.69,0
210,45,5,155.24,776.22,0
281,1,51,901.71,45987.39,0
217,217,1,331.24,331.24,1
155,0,2,273.95,547.9,1
277,16,16,366.53,5864.55,0
240,104,3,145.9,437.7,1
171,171,1,188.73,188.73,0
266,177,3,285.01,855.02,1
109,85,2,196.66,393.33,0
176,56,2,438.09,876.18,0
49,49,2,1369.9,2739.8,0
240,15,2,220.24,440.48,0
225,119,3,225.5,676.49,0
198,27,4,335.18,1340.7,1
281,281,2,128.22,256.44,1
81,81,1,137.9,137.9,1
30,30,1,1124.19,1124.19,0
53,53,1,783.9,783.9,1
128,128,1,134.8,134.8,1
192,4,6,257.37,1544.23,0
275,71,4,236.15,944.6,0
272,41,3,259.38,778.14,0
168,168,1,335.32,335.32,1
273,273,1,367.14,367.14,1
32,32,1,316.38,316.38,0
196,196,1,584.32,584.32,1
205,205,1,122.4,122.4,1
116,0,5,271.6,1357.98,0
191,191,1,79.2,79.2,1
182,182,1,130.26,130.26,0
274,93,3,330.79,992.37,0
268,8,2,658.81,1317.62,1
207,207,1,436.18,436.18,1
228,144,2,162.52,325.04,0
275,6,4,224.92,899.7,0
106,62,2,157.53,315.06,1
162,22,3,272.62,817.86,1
14,14,1,17.0,17.0,1
127,127,1,252.1,252.1,0
172,172,1,320.62,320.62,1
148,148,1,185.05,185.05,1
281,36,6,285.42,1712.49,0
133,45,2,296.05,592.1,0
36,6,2,696.42,1392.84,0
141,65,4,289.1,1156.4,0
156,156,1,336.96,336.96,1
91,11,3,498.04,1494.12,0
216,126,2,305.94,611.88,1
219,170,2,339.09,678.18,0
246,51,4,48.94,195.74,1
91,91,1,161.38,161.38,1
78,78,1,135.75,135.75,1
200,25,5,184.92,924.59,0
119,119,1,612.78,612.78,1
97,97,1,232.21,232.21,1
123,123,1,285.94,285.94,0
274,20,3,183.42,550.26,0
225,225,1,249.0,249.0,1
275,275,1,289.35,289.35,1
204,9,3,1235.57,3706.7,0
190,51,2,347.35,694.7,0
147,23,4,569.62,2278.5,0
226,9,23,461.71,10619.27,0
267,267,1,283.53,283.53,0
170,170,1,517.55,517.55,1
185,185,1,159.3,159.3,0
114,20,2,153.18,306.37,0
279,279,1,124.14,124.14,0
157,157,1,535.34,535.34,1
277,16,5,389.87,1949.36,0
154,154,1,175.2,175.2,1
267,7,8,325.04,2600.31,0
140,65,3,244.71,734.13,1
41,41,1,375.0,375.0,1
204,204,1,76.32,76.32,1
50,50,1,163.68,163.68,0
280,36,3,469.57,1408.7,0
176,176,1,1829.04,1829.04,1
262,23,4,255.88,1023.54,0
218,59,5,283.03,1415.17,0
189,189,1,348.2,348.2,1
276,48,12,253.05,3036.66,0
160,160,1,37.4,37.4,1
273,140,2,428.3,856.6,1
277,2,18,146.23,2632.12,0
156,20,5,312.13,1560.66,0
149,3,5,228.04,1140.21,1
6,6,1,429.38,429.38,0
59,34,3,336.52,1009.55,1
148,2,4,259.4,1037.59,1
46,46,1,197.9,197.9,1
160,8,8,1281.77,10254.18,1
202,38,3,1614.67,4844.0,0
119,13,5,197.16,985.8,0
140,140,1,335.0,335.0,0
280,11,9,299.61,2696.53,0
192,7,12,449.64,5395.7,0
150,49,3,251.68,755.03,0
268,170,8,326.96,2615.68,0
144,144,1,314.45,314.45,1
72,72,1,550.57,550.57,0
17,17,1,303.8,303.8,0
268,268,1,365.27,365.27,1
280,55,3,126.1,378.3,0
87,87,1,105.75,105.75,0
235,32,3,136.62,409.86,0
197,197,1,497.59,497.59,0
154,27,4,529.22,2116.9,0
281,6,10,1123.9,11238.96,0
191,191,1,498.15,498.15,0
177,78,3,354.25,1062.75,1
175,175,1,914.93,914.93,1
190,143,2,152.12,304.25,1
281,22,6,439.25,2635.48,0
275,183,2,157.68,315.37,0
226,226,1,773.55,773.55,1
157,49,3,288.63,865.88,0
185,57,4,238.41,953.64,0
143,111,3,85.04,255.12,1
133,133,1,314.22,314.22,1
120,120,1,358.2,358.2,0
128,97,2,271.02,542.03,1
123,51,3,241.68,725.04,0
274,237,2,163.25,326.5,0
240,94,3,221.76,665.29,0
97,97,1,347.9,347.9,0
277,4,10,177.84,1778.43,0
185,73,3,282.2,846.59,0
280,119,2,761.38,1522.75,1
164,29,2,384.85,769.7,0
78,78,1,114.56,114.56,1
147,20,4,360.19,1440.77,0
281,169,2,194.72,389.44,1
163,163,1,1700.4,1700.4,0
273,3,7,311.83,2182.79,0
174,174,1,752.43,752.43,1
84,84,1,21.95,21.95,1
127,35,4,935.26,3741.06,0
154,21,2,205.0,409.99,0
272,18,7,566.0,3962.02,0
114,23,6,126.85,761.12,0
261,261,1,1141.24,1141.24,1
266,34,3,289.48,868.43,0
24,24,1,411.7,411.7,1
281,281,1,331.55,331.55,1
104,104,1,559.87,559.87,1
84,84,1,810.6,810.6,1
8,8,1,566.38,566.38,1
84,84,1,359.08,359.08,0
247,247,1,168.3,168.3,1
116,28,3,194.88,584.65,0
77,77,1,142.5,142.5,1
29,29,1,302.25,302.25,1
275,115,4,282.44,1129.74,0
176,176,1,301.9,301.9,1
94,94,1,114.3,114.3,0
34,34,1,233.22,233.22,1
241,23,2,2018.16,4036.33,0
46,46,1,361.22,361.22,1
275,121,6,105.38,632.27,1
169,15,3,533.33,1600.0,0
148,14,2,353.28,706.57,1
238,238,1,226.37,226.37,1
266,65,7,316.12,2212.81,0
205,27,3,447.22,1341.65,1
125,125,1,404.4,404.4,1
121,80,2,519.23,1038.46,1
231,213,3,74.55,223.65,0
104,104,1,207.5,207.5,1
85,36,3,136.2,408.59,1
153,63,2,208.01,416.02,0
242,4,8,190.58,1524.67,0
277,107,4,609.76,2439.04,0
20,20,2,24.48,48.96,0
213,38,3,217.26,651.77,0
217,6,18,867.76,15619.6,0
65,65,1,214.8,214.8,1
192,192,1,94.05,94.05,1
15,15,1,534.31,534.31,1
109,109,1,797.65,797.65,0
87,15,3,94.57,283.71,0
66,66,1,101.1,101.1,1
148,36,4,183.99,735.95,0
198,198,1,53.5,53.5,1
241,241,1,376.7,376.7,0
240,240,1,153.9,153.9,1
277,11,13,255.84,3325.91,0
185,105,3,70.59,211.77,1
121,70,2,128.98,257.95,0
92,92,1,462.15,462.15,0
239,2,7,201.6,1411.23,0
45,45,1,346.3,346.3,0
275,31,7,123.22,862.56,0
270,270,1,167.09,167.09,0
104,104,1,354.45,354.45,0
133,25,3,314.83,944.49,0
170,170,1,154.2,154.2,0
175,175,1,676.2,676.2,1
218,155,3,120.98,362.95,1
176,176,1,309.46,309.46,0
171,171,1,409.1,409.1,0
274,66,2,136.91,273.82,0
161,161,1,61.1,61.1,0
230,230,1,94.36,94.36,1
191,113,2,335.08,670.17,0
177,177,1,217.89,217.89,1
277,2,9,195.77,1761.97,0
197,79,3,311.03,933.1,0
238,76,3,321.43,964.3,0
161,62,2,852.9,1705.8,1
143,143,1,176.61,176.61,0
2,2,1,303.93,303.93,1
235,39,7,350.77,2455.42,0
277,172,2,146.72,293.45,1
220,220,1,177.5,177.5,1
218,210,2,83.62,167.25,1
220,18,8,185.3,1482.37,0
225,58,3,344.46,1033.37,0
277,277,1,128.55,128.55,0
188,188,1,50.8,50.8,0
134,0,2,184.18,368.36,0
219,20,6,159.78,958.71,1
277,7,39,746.61,29117.7,0
99,99,1,133.56,133.56,1
210,210,1,302.7,302.7,1
184,0,4,172.46,689.83,0
192,171,2,120.53,241.06,1
14,14,1,284.55,284.55,1
205,121,3,207.76,623.28,1
207,4,4,224.71,898.84,0
122,122,1,272.46,272.46,0
199,199,1,211.0,211.0,0
268,135,2,216.22,432.43,0
172,3,3,180.47,541.4,0
113,113,1,2.9,2.9,1
43,43,1,255.91,255.91,1
106,106,1,182.99,182.99,1
188,105,2,353.84,707.69,1
57,57,1,311.92,311.92,1
279,2,6,220.56,1323.38,0
281,7,5,431.64,2158.18,1
126,126,1,208.36,208.36,1
268,14,11,195.59,2151.5,0
85,85,1,142.92,142.92,1
191,93,2,34.0,68.0,0
112,112,1,319.37,319.37,0
50,50,1,380.33,380.33,0
200,11,5,199.93,999.63,0
154,154,2,134.15,268.3,0
266,23,3,179.71,539.13,0
182,182,1,223.95,223.95,1
244,72,3,105.37,316.11,1
53,53,1,341.35,341.35,0
181,51,3,153.1,459.3,0
279,39,6,333.21,1999.26,0
100,100,1,139.35,139.35,1
98,81,2,202.15,404.3,1
56,22,2,177.28,354.57,0
237,81,3,260.76,782.29,0
204,204,1,826.53,826.53,1
184,184,2,123.26,246.51,0
224,115,2,592.52,1185.04,0
241,111,5,310.14,1550.7,0
70,69,2,50.48,100.97,1
272,268,2,182.72,365.45,1
238,238,1,165.0,165.0,0
268,14,4,357.98,1431.93,1
204,204,1,363.7,363.7,1
280,280,1,248.1,248.1,1
174,52,2,281.85,563.7,0
219,58,3,328.21,984.62,0
185,185,1,162.7,162.7,1
192,192,1,190.7,190.7,0
273,273,1,103.7,103.7,0
273,94,3,348.86,1046.57,1
223,3,13,403.53,5245.95,0
274,7,21,493.92,10372.35,0
79,79,1,290.36,290.36,1
98,98,1,455.25,455.25,1
268,35,4,171.13,684.53,0
246,43,2,2258.4,4516.8,0
18,18,1,548.12,548.12,1
281,127,3,351.2,1053.61,0
72,72,1,339.3,339.3,1
280,198,2,393.58,787.15,1
242,32,2,390.18,780.36,0
276,16,5,459.79,2298.97,1
244,3,3,307.37,922.12,1
281,150,2,189.86,379.73,1
268,71,12,476.65,5719.82,1
239,130,2,157.06,314.11,0
17,17,1,151.98,151.98,0
268,13,6,426.06,2556.37,0
45,45,1,101.15,101.15,0
274,0,14,334.66,4685.17,0
266,266,1,332.18,332.18,0
272,272,1,173.7,173.7,1
200,78,3,154.63,463.88,0
244,102,2,432.8,865.6,1
219,35,6,355.68,2134.07,0
189,84,2,448.4,896.79,0
183,35,3,336.53,1009.6,1
198,198,1,292.63,292.63,0
90,90,1,105.84,105.84,1
21,21,1,313.62,313.62,1
281,281,1,233.45,233.45,1
162,162,1,611.94,611.94,0
156,156,1,463.95,463.95,1
140,140,1,225.15,225.15,1
69,14,2,107.34,214.68,0
195,44,10,221.43,2214.33,0
235,97,2,127.75,255.5,0
274,274,1,120.65,120.65,0
193,193,1,145.05,145.05,1
246,161,2,118.73,237.46,0
266,36,10,226.76,2267.58,0
160,43,5,542.01,2710.04,0
127,127,1,75.66,75.66,1
94,94,1,129.49,129.49,1
219,27,3,290.1,870.3,0
90,90,1,506.19,506.19,1
65,65,1,210.1,210.1,0
143,143,1,151.85,151.85,1
230,118,4,360.32,1441.29,0
171,171,1,226.21,226.21,1
168,168,1,95.76,95.76,0
185,55,3,203.14,609.41,0
153,153,1,129.45,129.45,1
105,105,1,426.43,426.43,0
182,182,1,333.08,333.08,1
174,21,7,309.33,2165.34,0
142,14,4,404.96,1619.84,0
4,4,1,227.68,227.68,0
142,22,3,389.42,1168.26,0
280,130,2,108.95,217.9,1
133,31,2,265.27,530.55,0
276,7,9,172.33,1550.94,0
143,114,2,235.58,471.15,0
13,13,1,231.1,231.1,1
115,115,1,307.73,307.73,0
153,153,1,487.51,487.51,1
120,85,2,416.89,833.78,1
112,77,2,107.03,214.06,1
181,17,5,905.17,4525.87,0
276,49,4,150.32,601.27,1
239,39,3,622.4,1867.19,0
272,3,11,646.97,7116.68,0
162,56,2,207.4,414.79,0
276,276,1,123.24,123.24,1
97,97,1,39.12,39.12,1
227,118,2,192.18,384.36,0
270,270,1,135.4,135.4,1
192,192,1,200.4,200.4,0
192,24,5,53.3,266.52,0
266,14,8,405.0,3239.97,0
72,72,1,1382.88,1382.88,0
174,7,17,406.58,6911.84,0
6,6,1,115.1,115.1,0
245,121,3,366.17,1098.5,0
190,6,8,267.16,2137.3,0
274,274,1,129.75,129.75,1
161,52,4,333.17,1332.68,0
95,0,3,270.07,810.22,0
266,41,18,1882.42,33883.5,0
263,6,6,399.99,2399.94,0
109,109,1,86.5,86.5,0
197,164,2,563.0,1126.0,1
179,179,1,153.41,153.41,0
156,43,4,164.48,657.9,1
149,149,1,112.75,112.75,1
161,134,2,999.0,1998.0,1
274,29,10,409.6,4095.95,0
269,37,10,405.04,4050.42,0
266,6,10,978.04,9780.35,0
22,6,2,205.78,411.55,0
189,107,4,496.15,1984.59,0
276,46,7,262.15,1835.08,0
265,48,3,303.29,909.87,0
184,3,8,311.23,2489.81,0
274,23,11,360.98,3970.77,0
225,225,2,557.03,1114.06,1
219,174,2,450.6,901.2,1
274,3,4,389.92,1559.66,0
277,277,1,606.05,606.05,1
276,56,5,256.78,1283.88,0
170,170,1,292.47,292.47,1
276,7,10,365.66,3656.58,0
15,15,1,411.4,411.4,0
279,210,6,126.14,756.82,1
269,104,4,194.29,777.16,0
272,272,1,256.32,256.32,1
172,74,3,182.77,548.31,0
149,7,17,314.11,5339.95,0
227,142,2,240.47,480.94,0
22,22,2,151.21,302.41,0
242,6,4,485.29,1941.15,0
205,205,1,3.75,3.75,1
84,84,1,323.0,323.0,1
266,21,6,310.15,1860.9,0
81,4,3,133.04,399.11,0
219,6,16,397.44,6359.1,0
266,8,12,366.96,4403.53,0
242,125,3,303.4,910.2,0
140,29,3,138.71,416.12,0
280,280,1,207.5,207.5,1
280,280,1,2002.4,2002.4,1
223,22,3,491.81,1475.43,1
122,122,1,239.4,239.4,1
226,226,1,106.83,106.83,1
4,4,1,316.62,316.62,1
52,52,1,314.15,314.15,0
106,106,1,611.85,611.85,1
51,7,4,195.64,782.55,0
202,202,1,34.0,34.0,1
181,181,2,572.8,1145.6,1
224,1,7,688.64,4820.46,0
179,11,2,143.24,286.49,0
168,168,1,361.54,361.54,1
280,144,4,162.34,649.38,0
246,183,3,546.58,1639.75,0
86,24,3,180.73,542.2,0
275,30,8,146.82,1174.55,0
165,165,1,173.52,173.52,0
182,182,1,93.18,93.18,0
274,14,15,425.12,6376.73,0
167,8,2,211.12,422.24,1
280,280,1,311.25,311.25,1
273,46,9,181.16,1630.4,0
162,31,2,296.37,592.74,1
240,30,5,155.82,779.12,0
190,190,2,55.19,110.38,1
88,16,4,151.26,605.03,0
273,273,1,414.88,414.88,1
181,71,4,398.56,1594.23,1
178,178,1,118.05,118.05,0
268,81,2,230.3,460.59,1
147,11,4,184.05,736.21,1
178,50,3,373.86,1121.59,1
182,7,2,144.21,288.42,1
170,44,3,156.9,470.69,0
100,100,1,309.54,309.54,1
268,268,1,479.35,479.35,1
112,4,7,163.83,1146.84,0
277,16,16,320.11,5121.79,0
266,11,4,104.26,417.06,1
276,93,7,168.49,1179.43,0
113,1,9,280.94,2528.47,0
3,3,1,497.61,497.61,1
135,135,1,358.38,358.38,1
72,72,1,222.9,222.9,0
93,93,1,318.7,318.7,0
20,20,1,113.5,113.5,1
64,64,1,197.22,197.22,1
125,92,3,66.38,199.15,1
242,167,3,223.76,671.29,0
135,135,1,413.46,413.46,1
281,36,2,90.42,180.85,1
24,24,1,91.32,91.32,0
153,65,9,212.42,1911.74,0
196,105,2,294.42,588.85,1
277,17,22,494.06,10869.28,0
195,45,5,312.21,1561.06,0
210,8,3,421.4,1264.19,1
235,1,13,677.63,8809.24,0
94,94,1,124.57,124.57,1
241,241,1,332.41,332.41,1
84,84,1,113.06,113.06,0
276,276,1,375.69,375.69,1
169,52,2,373.9,747.81,1
66,66,1,70.8,70.8,0
274,274,1,164.25,164.25,0
69,48,3,69.25,207.74,1
83,73,2,193.84,387.68,0
178,118,4,509.46,2037.82,0
92,13,2,232.34,464.68,0
272,35,4,967.87,3871.47,0
247,52,4,284.55,1138.2,0
116,60,2,94.49,188.98,0
97,7,6,182.19,1093.12,0
225,147,2,107.85,215.7,0
279,95,2,136.24,272.48,1
265,265,1,177.95,177.95,0
244,102,3,526.22,1578.67,1
279,3,3,171.93,515.79,0
91,91,1,102.98,102.98,0
274,274,1,145.93,145.93,1
221,207,2,144.89,289.78,1
276,85,2,156.88,313.77,0
268,57,3,170.06,510.18,0
24,24,1,1706.88,1706.88,1
275,16,13,225.37,2929.75,0
279,144,3,274.06,822.18,0
156,94,3,131.0,392.99,0
273,56,4,164.75,658.99,0
231,42,7,219.8,1538.58,0
198,198,1,113.44,113.44,1
191,35,4,95.6,382.39,0
280,280,1,196.43,196.43,0
184,184,1,391.52,391.52,1
225,3,3,274.23,822.7,0
276,64,11,235.66,2592.25,1
270,7,14,340.28,4763.94,0
279,279,1,230.25,230.25,1
269,23,3,181.02,543.05,1
281,2,15,157.51,2362.7,0
63,35,2,214.44,428.88,0
277,11,14,206.95,2897.33,0
147,147,1,224.73,224.73,0
216,87,3,795.35,2386.05,0
197,77,2,934.18,1868.36,0
135,44,7,205.63,1439.44,0
226,119,3,272.24,816.73,1
266,6,13,231.31,3007.06,0
143,143,1,406.48,406.48,1
233,46,3,145.01,435.02,1
224,93,4,223.44,893.75,0
275,32,2,389.2,778.41,0
212,42,3,425.92,1277.75,1
17,17,2,83.8,167.61,1
267,32,4,311.35,1245.38,0
281,92,4,129.67,518.67,1
189,147,2,208.32,416.64,1
160,160,1,199.58,199.58,0
24,24,1,234.17,234.17,1
95,95,1,110.55,110.55,1
134,134,1,192.07,192.07,1
148,78,4,371.64,1486.56,0
97,97,1,319.02,319.02,1
15,15,1,253.31,253.31,0
99,42,2,239.48,478.96,0
175,175,1,251.52,251.52,1
205,55,2,277.82,555.65,0
199,163,2,514.23,1028.46,1
277,4,5,237.07,1185.35,0
38,38,1,3213.19,3213.19,0
266,65,7,511.22,3578.54,0
113,78,3,209.82,629.45,0
58,6,2,445.35,890.7,0
126,126,1,179.0,179.0,1
192,6,3,324.12,972.35,0
261,29,5,208.36,1041.78,0
233,196,3,234.0,702.0,1
212,57,4,73.75,295.0,1
266,21,7,353.01,2471.09,0
198,123,2,496.76,993.52,0
1,0,1,905.6,905.6,0
265,63,5,115.09,575.44,0
93,93,1,520.55,520.55,0
280,70,14,387.95,5431.28,0
233,233,1,405.0,405.0,0
276,169,3,331.98,995.93,0
65,7,2,28.12,56.25,0
281,281,2,80.48,160.97,0
277,93,2,77.42,154.83,1
225,87,4,161.31,645.23,0
144,18,2,358.0,716.0,1
62,62,1,225.95,225.95,0
267,122,2,304.05,608.1,0
195,195,1,141.8,141.8,0
219,153,2,216.76,433.53,1
45,45,1,449.73,449.73,1
268,16,2,375.44,750.89,0
155,29,4,228.76,915.02,0
174,86,2,162.49,324.97,0
155,21,3,113.15,339.44,1
65,65,1,642.02,642.02,1
113,113,2,374.72,749.43,0
239,25,3,308.45,925.35,1
183,25,5,521.33,2606.65,0
207,4,6,530.94,3185.64,1
102,102,1,240.89,240.89,1
38,38,1,498.48,498.48,1
153,45,4,301.83,1207.32,0
147,107,2,409.83,819.66,0
277,18,4,559.28,2237.1,0
174,174,1,234.24,234.24,1
140,18,10,465.88,4658.83,0
277,221,4,132.07,528.29,1
197,71,4,167.97,671.87,0
235,90,2,228.7,457.4,0
276,2,16,220.82,3533.04,0
281,63,5,299.16,1495.79,0
22,22,1,304.24,304.24,1
217,42,6,233.74,1402.42,0
17,17,1,453.79,453.79,0
225,161,3,232.02,696.07,0
272,181,2,167.1,334.2,0
177,177,1,76.32,76.32,0
226,226,1,636.94,636.94,0
211,17,3,468.59,1405.78,1
270,31,5,312.48,1562.4,1
161,90,2,699.56,1399.11,0
262,6,4,202.94,811.77,0
275,6,7,384.57,2692.0,0
185,34,2,314.66,629.32,0
230,230,1,302.0,302.0,1
242,207,2,271.98,543.96,0
169,51,2,221.97,443.94,0
273,8,6,106.59,639.53,0
86,86,1,230.58,230.58,0
169,169,1,25.5,25.5,1
214,67,2,332.89,665.78,1
186,63,3,2110.87,6332.61,0
140,140,2,232.3,464.59,0
73,73,1,163.3,163.3,1
242,46,6,100.32,601.94,0
141,90,2,306.41,612.82,0
196,196,1,116.2,116.2,1
225,225,1,157.02,157.02,1
141,141,1,307.46,307.46,1
27,27,1,138.32,138.32,1
69,69,1,345.3,345.3,1
93,93,1,294.24,294.24,1
270,60,5,197.89,989.45,1
242,242,1,157.09,157.09,1
174,98,3,826.26,2478.79,0
172,14,2,206.6,413.2,1
279,197,2,250.28,500.55,0
183,183,1,380.5,380.5,1
196,30,7,978.83,6851.82,0
155,155,1,454.12,454.12,1
147,147,1,579.0,579.0,1
266,13,3,249.93,749.78,1
219,114,2,486.56,973.11,0
171,102,3,563.17,1689.5,1
85,85,1,143.3,143.3,0
84,84,1,161.46,161.46,0
268,140,2,349.28,698.55,0
79,79,1,528.45,528.45,0
149,17,5,600.24,3001.18,0
213,39,9,162.63,1463.66,0
181,59,3,423.47,1270.42,0
192,192,1,158.68,158.68,1
111,111,1,127.59,127.59,0
91,91,1,308.68,308.68,0
197,197,1,224.91,224.91,1
39,24,2,480.63,961.26,0
125,125,1,59.9,59.9,1
204,49,3,377.54,1132.63,0
109,109,1,306.13,306.13,1
269,86,3,237.26,711.79,1
224,149,3,184.27,552.8,0
281,281,1,155.52,155.52,0
13,13,1,329.67,329.67,0
134,134,1,203.95,203.95,1
270,72,5,363.02,1815.09,0
267,14,2,191.88,383.75,1
115,115,1,195.0,195.0,0
276,2,6,260.25,1561.51,0
84,84,2,224.28,448.56,0
268,268,1,226.78,226.78,1
279,273,2,260.83,521.66,0
171,83,4,391.14,1564.56,1
277,88,6,244.15,1464.89,0
161,161,1,226.85,226.85,1
274,49,5,356.0,1780.01,0
267,157,4,152.99,611.97,0
142,142,1,113.5,113.5,1
276,122,5,188.72,943.58,0
272,7,10,228.81,2288.08,0
276,218,2,190.94,381.89,1
216,216,1,393.49,393.49,1
276,80,3,157.92,473.75,0
280,115,4,171.9,687.58,0
50,4,2,159.38,318.76,1
267,172,8,454.8,3638.41,1
269,34,7,272.26,1905.82,0
90,90,1,149.89,149.89,1
280,280,1,341.9,341.9,0
270,87,5,139.55,697.73,0
279,44,11,176.69,1943.57,0
220,220,1,382.5,382.5,1
88,16,2,567.52,1135.04,1
277,0,16,270.25,4323.96,0
112,112,1,171.45,171.45,1
28,28,1,318.65,318.65,1
169,169,1,162.65,162.65,0
270,270,1,269.83,269.83,1
94,24,2,174.46,348.91,1
207,207,1,108.26,108.26,0
220,15,2,120.0,240.0,1
276,56,2,290.62,581.23,1
274,135,4,238.84,955.36,0
116,116,1,63.44,63.44,1
88,46,2,275.0,550.01,1
55,55,1,113.06,113.06,0
35,35,2,158.6,317.2,1
153,15,4,190.91,763.64,1
170,107,2,704.72,1409.44,0
230,135,2,532.67,1065.35,1
149,149,1,246.04,246.04,1
207,38,3,561.82,1685.46,1
244,28,5,297.81,1489.04,0
280,51,5,140.48,702.41,0
266,115,5,132.74,663.7,0
88,88,1,164.45,164.45,0
216,216,1,550.8,550.8,1
269,27,5,173.41,867.03,0
32,9,2,249.21,498.42,1
81,8,2,134.1,268.19,0
213,30,3,220.54,661.61,0
269,269,1,250.04,250.04,1
261,7,15,446.67,6700.06,0
3,3,1,82.75,82.75,1
224,224,1,556.46,556.46,0
67,46,3,214.77,644.3,1
220,56,5,301.38,1506.92,0
265,8,28,154.57,4328.01,0
276,8,3,400.21,1200.62,1
200,32,4,131.89,527.55,0
274,239,2,351.12,702.23,0
188,188,1,96.8,96.8,1
223,223,1,243.36,243.36,0
31,31,1,175.2,175.2,1
216,210,2,153.51,307.02,1
218,59,4,494.9,1979.61,1
269,22,7,736.98,5158.88,0
273,2,2,121.68,243.36,1
274,28,7,1084.81,7593.65,0
274,64,3,227.43,682.29,1
263,263,1,193.64,193.64,1
104,1,3,93.73,281.18,0
281,11,8,153.6,1228.78,0
205,205,1,160.15,160.15,0
87,87,1,98.25,98.25,1
181,77,2,213.65,427.3,0
62,37,2,870.0,1740.0,1
219,219,1,178.22,178.22,1
263,211,2,180.4,360.81,1
92,92,1,320.9,320.9,0
199,94,2,131.96,263.92,0
217,147,2,156.12,312.23,1
239,45,6,436.23,2617.41,0
240,77,5,467.36,2336.81,0
146,146,1,167.55,167.55,1
245,1,6,267.51,1605.07,0
77,0,2,114.03,228.06,0
269,269,1,92.14,92.14,0
270,74,6,175.94,1055.63,0
220,42,2,143.65,287.3,0
189,126,2,247.88,495.77,1
269,107,3,133.37,400.1,1
219,219,1,105.85,105.85,0
281,34,9,226.7,2040.34,0
280,7,24,760.9,18261.65,0
127,127,1,227.65,227.65,0
73,7,5,339.47,1697.34,0
195,39,3,317.68,953.03,0
239,3,25,380.16,9504.08,0
72,71,2,254.4,508.8,1
266,214,2,205.64,411.27,1
127,127,1,203.87,203.87,1
279,56,5,956.76,4783.8,0
163,22,3,217.79,653.38,1
261,34,5,419.57,2097.84,1
277,9,8,216.56,1732.45,0
268,35,9,2321.59,20894.3,0
58,58,1,393.31,393.31,0
274,241,3,728.14,2184.42,1
71,71,1,32.65,32.65,1
156,92,2,385.92,771.85,1
123,4,2,209.78,419.55,0
169,169,1,285.58,285.58,0
280,104,4,177.46,709.82,0
92,92,1,598.0,598.0,0
189,17,5,1058.9,5294.49,0
231,231,1,167.39,167.39,0
275,51,8,332.5,2660.0,0
281,79,2,195.76,391.51,0
204,1,5,339.79,1698.97,0
125,125,1,449.42,449.42,0
190,83,3,1093.08,3279.23,0
276,18,20,533.05,10661.09,0
126,36,3,174.97,524.92,1
273,273,1,112.6,112.6,0
221,221,1,403.3,403.3,1
134,134,1,122.4,122.4,0
161,161,1,388.45,388.45,1
155,64,3,62.14,186.42,1
198,1,5,384.34,1921.69,0
127,127,1,534.24,534.24,1
80,59,2,1194.55,2389.1,1
218,84,2,60.45,120.9,1
267,2,4,373.64,1494.55,0
275,3,23,3752.24,86301.54,0
13,13,1,346.01,346.01,0
267,100,4,129.38,517.53,1
111,111,1,131.7,131.7,1
273,273,1,249.86,249.86,1
247,34,5,347.54,1737.7,1
281,2,6,103.74,622.43,1
192,192,1,463.41,463.41,0
221,84,3,409.2,1227.59,0
66,66,1,289.96,289.96,1
112,16,3,350.09,1050.27,0
275,35,4,204.12,816.47,0
207,99,3,232.51,697.54,1
1,1,1,260.63,260.63,0
91,42,2,137.37,274.74,0
169,169,1,396.87,396.87,1
120,120,1,208.56,208.56,0
84,84,1,305.2,305.2,0
275,3,6,353.02,2118.11,0
156,156,1,374.57,374.57,1
266,266,1,271.05,271.05,1
197,197,1,622.88,622.88,1
128,128,2,144.3,288.6,1
230,114,9,333.0,2997.03,1
113,69,2,572.92,1145.84,1
217,169,2,302.79,605.58,1
188,188,1,387.31,387.31,1
281,1,21,2827.42,59375.75,0
209,29,8,236.49,1891.9,0
36,36,1,208.65,208.65,1
226,114,3,190.46,571.37,0
193,27,4,151.41,605.65,0
216,216,1,153.94,153.94,1
276,41,5,297.6,1488.0,0
107,107,1,159.56,159.56,0
126,46,4,226.92,907.69,0
269,269,1,145.0,145.0,1
267,267,1,422.7,422.7,1
273,198,3,290.93,872.8,0
126,17,2,303.31,606.62,0
273,114,6,226.78,1360.67,0
98,98,1,296.7,296.7,1
188,188,1,164.4,164.4,1
85,85,1,76.5,76.5,1
211,211,1,620.75,620.75,0
224,224,1,268.8,268.8,0
177,177,1,170.75,170.75,1
141,141,1,103.3,103.3,1
151,105,3,89.05,267.16,1
267,267,1,290.34,290.34,1
280,280,2,149.26,298.52,0
37,37,1,1487.6,1487.6,1
56,30,2,624.95,1249.89,0
242,242,1,195.45,195.45,0
113,113,1,157.9,157.9,1
218,2,4,213.74,854.95,1
81,17,4,165.28,661.1,0
280,0,6,487.58,2925.45,0
240,240,1,344.14,344.14,1
206,53,3,186.52,559.55,0
281,7,3,65.33,196.0,0
1,1,1,174.71,174.71,0
150,150,1,185.65,185.65,1
273,7,14,161.88,2266.25,0
126,126,1,143.46,143.46,1
87,45,2,135.43,270.86,0
266,160,3,70.92,212.77,1
280,17,17,383.66,6522.29,0
144,144,1,175.27,175.27,1
35,35,1,749.45,749.45,0
246,17,4,279.17,1116.68,1
140,8,3,413.4,1240.2,1
148,59,3,614.36,1843.07,0
275,30,6,306.81,1840.87,0
260,52,3,753.35,2260.04,0
162,162,1,315.0,315.0,0
276,44,4,434.27,1737.08,0
121,121,1,2044.37,2044.37,1
147,147,1,116.01,116.01,1
232,32,2,454.78,909.55,0
220,125,2,154.68,309.36,1
235,210,2,264.38,528.75,0
269,31,9,300.13,2701.15,0
205,3,5,336.59,1682.94,0
213,25,9,330.74,2976.69,0
130,38,3,109.87,329.6,1
275,81,3,190.4,571.2,1
270,156,2,312.74,625.48,0
220,220,1,214.37,214.37,1
262,220,2,450.89,901.78,0
126,126,1,400.3,400.3,0
165,48,2,613.57,1227.13,0
267,28,5,159.68,798.38,0
140,77,2,251.8,503.6,1
140,45,2,208.25,416.5,0
28,11,2,324.3,648.61,0
245,0,7,296.72,2077.07,0
23,23,1,338.95,338.95,0
184,184,1,108.5,108.5,1
84,27,2,356.14,712.29,1
281,281,1,101.55,101.55,1
168,28,7,232.23,1625.63,0
273,127,3,336.13,1008.39,1
157,100,3,369.13,1107.39,0
46,46,1,868.49,868.49,1
85,63,4,287.0,1148.01,0
189,52,6,452.26,2713.57,0
28,7,2,171.67,343.34,0
185,185,1,117.55,117.55,1
274,24,5,380.67,1903.33,0
36,14,3,309.22,927.65,0
119,119,1,317.6,317.6,0
280,8,9,183.67,1653.03,0
49,49,1,178.75,178.75,1
195,62,4,254.13,1016.53,0
120,120,1,326.19,326.19,0
206,69,4,437.75,1751.01,0
157,30,5,486.64,2433.22,0
135,135,1,205.7,205.7,1
273,65,3,366.18,1098.55,0
217,217,1,1177.84,1177.84,0
228,70,4,293.9,1175.62,0
276,276,1,300.66,300.66,0
275,9,23,611.92,14074.19,0
274,17,4,182.71,730.84,0
276,8,20,583.33,11666.5,0
171,171,1,298.11,298.11,1
276,23,5,379.87,1899.35,0
280,174,5,302.54,1512.72,0
210,28,5,917.87,4589.35,0
281,9,11,317.78,3495.53,0
276,266,2,145.2,290.4,1
267,35,4,181.4,725.58,1
45,45,1,200.47,200.47,1
49,49,1,283.12,283.12,1
79,39,2,382.67,765.34,1
272,16,7,273.66,1915.59,0
144,144,1,338.95,338.95,1
168,168,1,154.95,154.95,1
189,2,3,560.61,1681.83,0
160,160,1,417.95,417.95,1
114,16,3,446.26,1338.77,0
46,17,2,245.48,490.96,0
147,76,2,442.6,885.19,1
209,14,6,161.33,968.0,0
274,8,12,668.96,8027.5,0
244,93,2,76.2,152.4,1
232,95,2,131.66,263.33,1
77,77,1,137.45,137.45,1
197,197,1,220.53,220.53,0
228,228,1,153.0,153.0,1
108,108,1,326.4,326.4,1
175,2,7,590.95,4136.66,0
140,140,1,139.35,139.35,1
163,14,12,373.12,4477.4,0
275,21,3,295.87,887.6,0
274,4,4,606.01,2424.04,1
122,35,6,546.07,3276.4,1
46,46,1,373.1,373.1,0
175,8,8,313.39,2507.12,0
234,14,8,381.97,3055.77,0
91,36,3,321.25,963.74,0
280,280,1,303.97,303.97,1
169,169,1,216.95,216.95,0
141,44,2,270.1,540.21,0
275,1,16,693.2,11091.24,0
21,21,1,307.49,307.49,0
190,56,3,523.83,1571.49,0
268,104,3,356.92,1070.77,0
240,21,2,177.56,355.11,1
266,158,4,322.24,1288.96,0
148,148,1,110.25,110.25,1
20,20,1,71.4,71.4,1
164,86,2,337.26,674.52,1
72,7,5,237.64,1188.21,0
267,267,1,80.64,80.64,1
168,50,2,287.53,575.06,0
280,22,20,165.23,3304.6,0
158,60,4,358.31,1433.25,0
77,77,2,82.95,165.9,0
281,281,1,172.54,172.54,0
171,171,1,15.0,15.0,1
119,119,1,230.67,230.67,0
164,66,3,122.54,367.63,1
74,74,1,385.83,385.83,0
228,46,4,454.47,1817.88,0
190,106,5,228.65,1143.27,1
231,231,1,115.8,115.8,0
213,4,4,303.43,1213.73,1
162,162,1,56.4,56.4,1
8,8,1,189.8,189.8,0
51,51,1,323.09,323.09,0
161,67,2,94.01,188.02,1
155,155,1,112.41,112.41,0
225,225,1,103.35,103.35,0
279,60,4,454.38,1817.54,1
37,37,1,11.75,11.75,0
189,189,1,225.9,225.9,1
272,28,12,113.63,1363.51,0
172,87,2,171.42,342.83,1
277,221,3,204.7,614.1,0
90,90,1,272.41,272.41,0
269,7,9,279.44,2514.99,0
242,25,6,127.38,764.3,0
280,88,2,316.21,632.42,0
281,37,8,357.09,2856.71,0
241,0,24,201.15,4827.61,0
276,276,1,193.3,193.3,0
273,177,2,10.66,21.31,0
185,185,2,134.85,269.7,0
279,90,6,578.08,3468.47,0
272,150,4,395.12,1580.47,0
92,17,3,292.22,876.66,0
206,206,1,889.24,889.24,1
196,169,2,143.82,287.65,0
71,56,3,123.54,370.61,0
280,200,3,551.67,1655.0,0
281,2,80,289.02,23121.49,0
211,211,1,197.73,197.73,1
14,14,1,51.56,51.56,1
266,36,8,102.7,821.6,0
241,126,4,151.45,605.8,1
281,280,34,158.56,5391.21,1
135,93,2,155.63,311.26,1
280,280,1,208.97,208.97,1
189,141,3,380.88,1142.63,0
273,6,14,1018.18,14254.52,0
277,24,9,404.58,3641.25,0
212,212,1,141.92,141.92,1
276,276,1,226.45,226.45,1
227,44,5,259.9,1299.49,0
231,231,1,330.9,330.9,1
277,53,4,446.32,1785.28,0
183,183,1,200.85,200.85,0
272,15,12,584.6,7015.24,0
50,50,1,329.65,329.65,1
196,51,4,239.37,957.48,0
276,15,5,85.64,428.18,1
274,31,6,100.26,601.57,0
112,112,1,155.9,155.9,1
281,92,4,361.88,1447.54,0
163,93,6,113.91,683.46,1
78,78,1,237.61,237.61,1
81,81,1,178.52,178.52,1
272,272,1,458.92,458.92,1
212,212,1,133.35,133.35,1
154,154,1,119.35,119.35,0
279,219,3,196.85,590.54,0
157,118,2,188.86,377.71,0
37,37,1,111.35,111.35,1
265,69,4,74.25,297.0,0
230,120,2,100.68,201.37,1
269,230,2,293.44,586.89,1
70,70,1,203.86,203.86,1
63,63,1,142.1,142.1,0
133,133,1,107.21,107.21,1
274,4,7,142.21,995.48,0
281,80,3,180.6,541.81,1
115,115,1,99.84,99.84,0
67,67,1,154.55,154.55,1
98,98,2,56.1,112.2,1
281,64,3,205.91,617.74,0
155,155,1,72.9,72.9,1
281,281,1,232.03,232.03,1
272,218,5,62.01,310.06,1
263,263,1,218.05,218.05,0
270,164,2,113.36,226.71,0
281,13,9,257.43,2316.9,0
174,56,3,198.49,595.47,0
190,190,1,207.5,207.5,1
281,209,2,251.1,502.2,0
280,280,1,244.08,244.08,1
111,41,2,198.64,397.29,1
154,154,1,78.26,78.26,0
216,20,3,235.67,707.0,0
147,70,2,347.07,694.14,0
163,42,2,204.18,408.36,1
119,81,2,467.26,934.51,0
49,46,2,71.44,142.89,1
270,22,5,722.9,3614.52,0
67,67,1,99.14,99.14,1
210,16,8,245.02,1960.18,0
38,38,1,304.56,304.56,1
167,141,2,74.79,149.58,1
55,55,1,358.56,358.56,1
279,1,32,1491.54,47729.2,0
273,273,2,131.58,263.17,0
281,266,2,204.75,409.5,0
279,31,10,188.52,1885.21,0
127,106,4,139.32,557.3,1
157,157,1,12.75,12.75,1
24,24,1,508.46,508.46,1
79,79,1,73.78,73.78,1
280,31,31,38.05,1179.62,0
50,50,1,102.41,102.41,1
280,280,1,261.76,261.76,0
277,42,10,188.77,1887.73,0
169,59,4,148.61,594.43,0
279,279,1,112.27,112.27,1
281,281,1,265.1,265.1,1
269,74,2,114.1,228.2,1
119,119,1,562.79,562.79,1
149,149,1,135.19,135.19,1
127,127,1,164.07,164.07,0
274,22,11,358.83,3947.15,0
280,280,1,321.79,321.79,1
273,273,1,300.92,300.92,1
167,76,3,164.85,494.54,0
267,73,3,270.48,811.45,1
53,53,1,152.68,152.68,1
93,93,1,198.57,198.57,1
234,25,5,29.2,146.0,0
269,144,3,210.28,630.84,1
134,133,2,46.68,93.35,1
198,29,4,168.72,674.89,1
189,189,1,76.1,76.1,1
72,0,6,285.29,1711.75,0
274,274,1,190.34,190.34,0
270,270,1,157.92,157.92,1
226,111,7,295.06,2065.41,0
143,143,1,247.39,247.39,1
164,164,1,174.8,174.8,1
281,281,1,102.79,102.79,1
63,63,2,93.64,187.29,1
272,94,3,160.95,482.86,0
218,77,2,172.0,344.0,0
107,16,2,61.07,122.14,1
60,60,2,194.89,389.78,1
6,6,1,115.31,115.31,1
242,242,1,73.5,73.5,1
153,13,2,126.84,253.69,0
270,62,6,11.67,70.02,1
153,153,1,239.0,239.0,0
280,11,16,187.38,2998.11,0
274,114,2,210.8,421.59,0
268,74,7,157.93,1105.53,0
111,111,2,86.14,172.29,1
267,267,1,74.4,74.4,1
277,36,7,524.69,3672.86,0
196,196,1,363.65,363.65,1
274,15,8,224.19,1793.51,0
245,81,3,240.17,720.52,1
143,41,2,407.0,814.0,1
272,91,8,176.52,1412.15,0
197,197,1,101.7,101.7,1
235,88,3,326.11,978.32,0
273,165,2,226.5,453.0,1
93,93,1,247.44,247.44,1
105,22,12,321.65,3859.82,1
281,281,1,489.6,489.6,1
268,14,8,244.72,1957.75,0
274,11,7,231.76,1622.34,0
167,125,2,168.06,336.13,1
146,34,2,1103.09,2206.18,0
150,150,1,841.5,841.5,0
41,20,2,104.02,208.05,0
281,238,2,344.98,689.95,1
182,182,1,101.34,101.34,1
198,198,1,3202.92,3202.92,1
273,27,8,731.44,5851.48,0
210,1,4,526.63,2106.52,1
199,44,5,480.46,2402.3,0
240,220,2,290.02,580.05,1
262,34,5,397.24,1986.2,0
35,35,1,168.31,168.31,1
51,51,1,110.23,110.23,0
275,6,27,5016.69,135450.75,0
237,237,1,421.9,421.9,1
162,162,1,271.0,271.0,1
277,18,17,260.77,4433.02,0
74,74,1,196.64,196.64,0
276,276,1,76.32,76.32,1
198,198,1,220.1,220.1,1
272,142,7,176.56,1235.95,0
277,55,18,225.65,4061.66,0
275,275,1,180.7,180.7,1
122,122,1,111.15,111.15,1
62,57,2,326.65,653.3,1
58,58,1,119.19,119.19,0
224,109,3,311.3,933.9,0
41,41,1,139.6,139.6,0
151,151,1,112.55,112.55,1
120,120,1,931.5,931.5,1
98,98,1,109.82,109.82,0
227,119,2,300.42,600.85,0
203,203,1,152.65,152.65,1
123,65,2,509.76,1019.52,1
49,24,2,500.08,1000.16,1
281,17,9,240.62,2165.55,0
220,112,2,511.89,1023.78,0
128,48,2,80.18,160.35,1
16,16,1,98.88,98.88,0
181,123,2,274.84,549.68,0
109,48,2,206.64,413.28,0
197,42,2,326.68,653.35,1
199,78,2,133.28,266.56,0
277,277,1,186.88,186.88,0
209,209,1,530.15,530.15,1
108,108,1,318.55,318.55,0
227,48,3,257.09,771.26,0
85,85,1,302.46,302.46,1
13,13,1,498.48,498.48,0
280,84,6,193.34,1160.04,1
125,20,2,327.76,655.51,0
241,7,4,248.58,994.31,0
197,7,11,512.3,5635.28,0
182,107,3,576.28,1728.84,0
266,266,1,476.35,476.35,1
163,65,5,207.45,1037.27,0
272,36,4,397.7,1590.81,1
244,160,4,275.79,1103.16,0
50,44,2,300.92,601.85,0
182,135,2,316.04,632.07,1
157,157,1,304.25,304.25,1
198,198,1,426.6,426.6,0
175,175,1,633.1,633.1,0
238,100,2,142.23,284.46,1
169,169,1,207.8,207.8,1
73,73,1,243.76,243.76,1
198,3,2,343.32,686.63,1
244,8,14,316.24,4427.39,0
14,14,1,150.35,150.35,1
219,107,3,465.66,1396.99,1
65,65,1,160.42,160.42,1
100,17,2,679.44,1358.87,0
175,175,1,142.4,142.4,0
186,44,2,134.35,268.7,0
234,234,1,216.07,216.07,1
144,144,1,232.48,232.48,1
189,119,2,320.96,641.92,1
276,57,8,170.89,1367.13,0
134,134,1,305.28,305.28,1
119,23,3,235.62,706.86,0
1,0,1,443.0,443.0,1
266,4,11,366.94,4036.34,0
171,171,1,158.95,158.95,1
273,21,7,390.11,2730.78,0
245,28,9,472.34,4251.03,0
125,125,1,93.75,93.75,1
281,1,14,372.29,5212.06,0
210,2,5,429.27,2146.36,0
196,100,5,414.35,2071.77,1
105,65,3,166.87,500.62,0
233,233,1,440.0,440.0,1
125,28,2,374.9,749.8,0
148,37,4,160.3,641.19,0
42,27,2,283.3,566.59,0
280,126,5,312.32,1561.61,1
125,7,11,122.69,1349.58,0
121,104,2,347.04,694.08,0
263,57,6,278.8,1672.81,0
141,141,1,232.9,232.9,0
94,30,2,402.01,804.02,1
218,218,1,349.27,349.27,1
79,79,1,69.9,69.9,0
204,22,5,312.57,1562.87,0
274,274,1,376.3,376.3,0
266,80,6,438.06,2628.35,1
3,3,1,224.8,224.8,0
48,48,1,149.48,149.48,1
160,63,2,405.7,811.4,0
66,66,1,488.55,488.55,0
42,42,1,25.5,25.5,1
274,274,1,168.6,168.6,1
174,174,1,111.95,111.95,0
154,21,4,526.61,2106.45,0
165,3,2,76.5,153.0,0
185,185,1,180.6,180.6,1
88,88,1,80.82,80.82,1
34,34,1,100.21,100.21,0
245,3,10,108.09,1080.88,0
109,109,1,765.28,765.28,0
