date,is_festival,days_to_next_festival,days_since_last_festival
2019-01-01,0,14,-1
2019-01-02,0,13,-1
2019-01-03,0,12,-1
2019-01-04,0,11,-1
2019-01-05,0,10,-1
2019-01-06,0,9,-1
2019-01-07,0,8,-1
2019-01-08,0,7,-1
2019-01-09,0,6,-1
2019-01-10,0,5,-1
2019-01-11,0,4,-1
2019-01-12,0,3,-1
2019-01-13,0,2,-1
2019-01-14,0,1,-1
2019-01-15,1,0,-1
2019-01-16,1,0,1
2019-01-17,1,0,1
2019-01-18,0,6,1
2019-01-19,0,5,2
2019-01-20,0,4,3
2019-01-21,0,3,4
2019-01-22,0,2,5
2019-01-23,0,1,6
2019-01-24,1,0,7
2019-01-25,0,1,1
2019-01-26,1,0,2
2019-01-27,0,23,1
2019-01-28,0,22,2
2019-01-29,0,21,3
2019-01-30,0,20,4
2019-01-31,0,19,5
2019-02-01,0,18,6
2019-02-02,0,17,7
2019-02-03,0,16,8
2019-02-04,0,15,9
2019-02-05,0,14,10
2019-02-06,0,13,11
2019-02-07,0,12,12
2019-02-08,0,11,13
2019-02-09,0,10,14
2019-02-10,0,9,15
2019-02-11,0,8,16
2019-02-12,0,7,17
2019-02-13,0,6,18
2019-02-14,0,5,19
2019-02-15,0,4,20
2019-02-16,0,3,21
2019-02-17,0,2,22
2019-02-18,0,1,23
2019-02-19,1,0,24
2019-02-20,0,12,1
2019-02-21,0,11,2
2019-02-22,0,10,3
2019-02-23,0,9,4
2019-02-24,0,8,5
2019-02-25,0,7,6
2019-02-26,0,6,7
2019-02-27,0,5,8
2019-02-28,0,4,9
2019-03-01,0,3,10
2019-03-02,0,2,11
2019-03-03,0,1,12
2019-03-04,1,0,13
2019-03-05,0,16,1
2019-03-06,0,15,2
2019-03-07,0,14,3
2019-03-08,0,13,4
2019-03-09,0,12,5
2019-03-10,0,11,6
2019-03-11,0,10,7
2019-03-12,0,9,8
2019-03-13,0,8,9
2019-03-14,0,7,10
2019-03-15,0,6,11
2019-03-16,0,5,12
2019-03-17,0,4,13
2019-03-18,0,3,14
2019-03-19,0,2,15
2019-03-20,0,1,16
2019-03-21,1,0,17
2019-03-22,0,15,1
2019-03-23,0,14,2
2019-03-24,0,13,3
2019-03-25,0,12,4
2019-03-26,0,11,5
2019-03-27,0,10,6
2019-03-28,0,9,7
2019-03-29,0,8,8
2019-03-30,0,7,9
2019-03-31,0,6,10
2019-04-01,0,5,11
2019-04-02,0,4,12
2019-04-03,0,3,13
2019-04-04,0,2,14
2019-04-05,0,1,15
2019-04-06,1,0,16
2019-04-07,0,6,1
2019-04-08,0,5,2
2019-04-09,0,4,3
2019-04-10,0,3,4
2019-04-11,0,2,5
2019-04-12,0,1,6
2019-04-13,1,0,7
2019-04-14,1,0,1
2019-04-15,1,0,1
2019-04-16,0,1,1
2019-04-17,1,0,2
2019-04-18,0,1,1
2019-04-19,1,0,2
2019-04-20,0,11,1
2019-04-21,0,10,2
2019-04-22,0,9,3
2019-04-23,0,8,4
2019-04-24,0,7,5
2019-04-25,0,6,6
2019-04-26,0,5,7
2019-04-27,0,4,8
2019-04-28,0,3,9
2019-04-29,0,2,10
2019-04-30,0,1,11
2019-05-01,1,0,12
2019-05-02,0,7,1
2019-05-03,0,6,2
2019-05-04,0,5,3
2019-05-05,0,4,4
2019-05-06,0,3,5
2019-05-07,0,2,6
2019-05-08,0,1,7
2019-05-09,1,0,8
2019-05-10,0,8,1
2019-05-11,0,7,2
2019-05-12,0,6,3
2019-05-13,0,5,4
2019-05-14,0,4,5
2019-05-15,0,3,6
2019-05-16,0,2,7
2019-05-17,0,1,8
2019-05-18,1,0,9
2019-05-19,0,17,1
2019-05-20,0,16,2
2019-05-21,0,15,3
2019-05-22,0,14,4
2019-05-23,0,13,5
2019-05-24,0,12,6
2019-05-25,0,11,7
2019-05-26,0,10,8
2019-05-27,0,9,9
2019-05-28,0,8,10
2019-05-29,0,7,11
2019-05-30,0,6,12
2019-05-31,0,5,13
2019-06-01,0,4,14
2019-06-02,0,3,15
2019-06-03,0,2,16
2019-06-04,0,1,17
2019-06-05,1,0,18
2019-06-06,0,67,1
2019-06-07,0,66,2
2019-06-08,0,65,3
2019-06-09,0,64,4
2019-06-10,0,63,5
2019-06-11,0,62,6
2019-06-12,0,61,7
2019-06-13,0,60,8
2019-06-14,0,59,9
2019-06-15,0,58,10
2019-06-16,0,57,11
2019-06-17,0,56,12
2019-06-18,0,55,13
2019-06-19,0,54,14
2019-06-20,0,53,15
2019-06-21,0,52,16
2019-06-22,0,51,17
2019-06-23,0,50,18
2019-06-24,0,49,19
2019-06-25,0,48,20
2019-06-26,0,47,21
2019-06-27,0,46,22
2019-06-28,0,45,23
2019-06-29,0,44,24
2019-06-30,0,43,25
2019-07-01,0,42,26
2019-07-02,0,41,27
2019-07-03,0,40,28
2019-07-04,0,39,29
2019-07-05,0,38,30
2019-07-06,0,37,31
2019-07-07,0,36,32
2019-07-08,0,35,33
2019-07-09,0,34,34
2019-07-10,0,33,35
2019-07-11,0,32,36
2019-07-12,0,31,37
2019-07-13,0,30,38
2019-07-14,0,29,39
2019-07-15,0,28,40
2019-07-16,0,27,41
2019-07-17,0,26,42
2019-07-18,0,25,43
2019-07-19,0,24,44
2019-07-20,0,23,45
2019-07-21,0,22,46
2019-07-22,0,21,47
2019-07-23,0,20,48
2019-07-24,0,19,49
2019-07-25,0,18,50
2019-07-26,0,17,51
2019-07-27,0,16,52
2019-07-28,0,15,53
2019-07-29,0,14,54
2019-07-30,0,13,55
2019-07-31,0,12,56
2019-08-01,0,11,57
2019-08-02,0,10,58
2019-08-03,0,9,59
2019-08-04,0,8,60
2019-08-05,0,7,61
2019-08-06,0,6,62
2019-08-07,0,5,63
2019-08-08,0,4,64
2019-08-09,0,3,65
2019-08-10,0,2,66
2019-08-11,0,1,67
2019-08-12,1,0,68
2019-08-13,0,2,1
2019-08-14,0,1,2
2019-08-15,1,0,3
2019-08-16,0,1,1
2019-08-17,1,0,2
2019-08-18,0,6,1
2019-08-19,0,5,2
2019-08-20,0,4,3
2019-08-21,0,3,4
2019-08-22,0,2,5
2019-08-23,0,1,6
2019-08-24,1,0,7
2019-08-25,0,8,1
2019-08-26,0,7,2
2019-08-27,0,6,3
2019-08-28,0,5,4
2019-08-29,0,4,5
2019-08-30,0,3,6
2019-08-31,0,2,7
2019-09-01,0,1,8
2019-09-02,1,0,9
2019-09-03,0,7,1
2019-09-04,0,6,2
2019-09-05,0,5,3
2019-09-06,0,4,4
2019-09-07,0,3,5
2019-09-08,0,2,6
2019-09-09,0,1,7
2019-09-10,1,0,8
2019-09-11,1,0,1
2019-09-12,0,20,1
2019-09-13,0,19,2
2019-09-14,0,18,3
2019-09-15,0,17,4
2019-09-16,0,16,5
2019-09-17,0,15,6
2019-09-18,0,14,7
2019-09-19,0,13,8
2019-09-20,0,12,9
2019-09-21,0,11,10
2019-09-22,0,10,11
2019-09-23,0,9,12
2019-09-24,0,8,13
2019-09-25,0,7,14
2019-09-26,0,6,15
2019-09-27,0,5,16
2019-09-28,0,4,17
2019-09-29,0,3,18
2019-09-30,0,2,19
2019-10-01,0,1,20
2019-10-02,1,0,21
2019-10-03,0,5,1
2019-10-04,0,4,2
2019-10-05,0,3,3
2019-10-06,0,2,4
2019-10-07,0,1,5
2019-10-08,1,0,6
2019-10-09,0,18,1
2019-10-10,0,17,2
2019-10-11,0,16,3
2019-10-12,0,15,4
2019-10-13,0,14,5
2019-10-14,0,13,6
2019-10-15,0,12,7
2019-10-16,0,11,8
2019-10-17,0,10,9
2019-10-18,0,9,10
2019-10-19,0,8,11
2019-10-20,0,7,12
2019-10-21,0,6,13
2019-10-22,0,5,14
2019-10-23,0,4,15
2019-10-24,0,3,16
2019-10-25,0,2,17
2019-10-26,0,1,18
2019-10-27,1,0,19
2019-10-28,1,0,1
2019-10-29,0,2,1
2019-10-30,0,1,2
2019-10-31,1,0,3
2019-11-01,1,0,1
2019-11-02,1,0,1
2019-11-03,0,7,1
2019-11-04,0,6,2
2019-11-05,0,5,3
2019-11-06,0,4,4
2019-11-07,0,3,5
2019-11-08,0,2,6
2019-11-09,0,1,7
2019-11-10,1,0,8
2019-11-11,0,1,1
2019-11-12,1,0,2
2019-11-13,0,42,1
2019-11-14,0,41,2
2019-11-15,0,40,3
2019-11-16,0,39,4
2019-11-17,0,38,5
2019-11-18,0,37,6
2019-11-19,0,36,7
2019-11-20,0,35,8
2019-11-21,0,34,9
2019-11-22,0,33,10
2019-11-23,0,32,11
2019-11-24,0,31,12
2019-11-25,0,30,13
2019-11-26,0,29,14
2019-11-27,0,28,15
2019-11-28,0,27,16
2019-11-29,0,26,17
2019-11-30,0,25,18
2019-12-01,0,24,19
2019-12-02,0,23,20
2019-12-03,0,22,21
2019-12-04,0,21,22
2019-12-05,0,20,23
2019-12-06,0,19,24
2019-12-07,0,18,25
2019-12-08,0,17,26
2019-12-09,0,16,27
2019-12-10,0,15,28
2019-12-11,0,14,29
2019-12-12,0,13,30
2019-12-13,0,12,31
2019-12-14,0,11,32
2019-12-15,0,10,33
2019-12-16,0,9,34
2019-12-17,0,8,35
2019-12-18,0,7,36
2019-12-19,0,6,37
2019-12-20,0,5,38
2019-12-21,0,4,39
2019-12-22,0,3,40
2019-12-23,0,2,41
2019-12-24,0,1,42
2019-12-25,1,0,43
2019-12-26,0,20,1
2019-12-27,0,19,2
2019-12-28,0,18,3
2019-12-29,0,17,4
2019-12-30,0,16,5
2019-12-31,0,15,6
2020-01-01,0,14,7
2020-01-02,0,13,8
2020-01-03,0,12,9
2020-01-04,0,11,10
2020-01-05,0,10,11
2020-01-06,0,9,12
2020-01-07,0,8,13
2020-01-08,0,7,14
2020-01-09,0,6,15
2020-01-10,0,5,16
2020-01-11,0,4,17
2020-01-12,0,3,18
2020-01-13,0,2,19
2020-01-14,0,1,20
2020-01-15,1,0,21
2020-01-16,1,0,1
2020-01-17,1,0,1
2020-01-18,0,6,1
2020-01-19,0,5,2
2020-01-20,0,4,3
2020-01-21,0,3,4
2020-01-22,0,2,5
2020-01-23,0,1,6
2020-01-24,1,0,7
2020-01-25,0,1,1
2020-01-26,1,0,2
2020-01-27,0,23,1
2020-01-28,0,22,2
2020-01-29,0,21,3
2020-01-30,0,20,4
2020-01-31,0,19,5
2020-02-01,0,18,6
2020-02-02,0,17,7
2020-02-03,0,16,8
2020-02-04,0,15,9
2020-02-05,0,14,10
2020-02-06,0,13,11
2020-02-07,0,12,12
2020-02-08,0,11,13
2020-02-09,0,10,14
2020-02-10,0,9,15
2020-02-11,0,8,16
2020-02-12,0,7,17
2020-02-13,0,6,18
2020-02-14,0,5,19
2020-02-15,0,4,20
2020-02-16,0,3,21
2020-02-17,0,2,22
2020-02-18,0,1,23
2020-02-19,1,0,24
2020-02-20,0,19,1
2020-02-21,0,18,2
2020-02-22,0,17,3
2020-02-23,0,16,4
2020-02-24,0,15,5
2020-02-25,0,14,6
2020-02-26,0,13,7
2020-02-27,0,12,8
2020-02-28,0,11,9
2020-02-29,0,10,10
2020-03-01,0,9,11
2020-03-02,0,8,12
2020-03-03,0,7,13
2020-03-04,0,6,14
2020-03-05,0,5,15
2020-03-06,0,4,16
2020-03-07,0,3,17
2020-03-08,0,2,18
2020-03-09,0,1,19
2020-03-10,1,0,20
2020-03-11,0,14,1
2020-03-12,0,13,2
2020-03-13,0,12,3
2020-03-14,0,11,4
2020-03-15,0,10,5
2020-03-16,0,9,6
2020-03-17,0,8,7
2020-03-18,0,7,8
2020-03-19,0,6,9
2020-03-20,0,5,10
2020-03-21,0,4,11
2020-03-22,0,3,12
2020-03-23,0,2,13
2020-03-24,0,1,14
2020-03-25,1,0,15
2020-03-26,0,7,1
2020-03-27,0,6,2
2020-03-28,0,5,3
2020-03-29,0,4,4
2020-03-30,0,3,5
2020-03-31,0,2,6
2020-04-01,0,1,7
2020-04-02,1,0,8
2020-04-03,0,3,1
2020-04-04,0,2,2
2020-04-05,0,1,3
2020-04-06,1,0,4
2020-04-07,0,3,1
2020-04-08,0,2,2
2020-04-09,0,1,3
2020-04-10,1,0,4
2020-04-11,0,3,1
2020-04-12,0,2,2
2020-04-13,0,1,3
2020-04-14,1,0,4
2020-04-15,1,0,1
2020-04-16,0,15,1
2020-04-17,0,14,2
2020-04-18,0,13,3
2020-04-19,0,12,4
2020-04-20,0,11,5
2020-04-21,0,10,6
2020-04-22,0,9,7
2020-04-23,0,8,8
2020-04-24,0,7,9
2020-04-25,0,6,10
2020-04-26,0,5,11
2020-04-27,0,4,12
2020-04-28,0,3,13
2020-04-29,0,2,14
2020-04-30,0,1,15
2020-05-01,1,0,16
2020-05-02,0,5,1
2020-05-03,0,4,2
2020-05-04,0,3,3
2020-05-05,0,2,4
2020-05-06,0,1,5
2020-05-07,1,0,6
2020-05-08,0,1,1
2020-05-09,1,0,2
2020-05-10,0,15,1
2020-05-11,0,14,2
2020-05-12,0,13,3
2020-05-13,0,12,4
2020-05-14,0,11,5
2020-05-15,0,10,6
2020-05-16,0,9,7
2020-05-17,0,8,8
2020-05-18,0,7,9
2020-05-19,0,6,10
2020-05-20,0,5,11
2020-05-21,0,4,12
2020-05-22,0,3,13
2020-05-23,0,2,14
2020-05-24,0,1,15
2020-05-25,1,0,16
2020-05-26,0,67,1
2020-05-27,0,66,2
2020-05-28,0,65,3
2020-05-29,0,64,4
2020-05-30,0,63,5
2020-05-31,0,62,6
2020-06-01,0,61,7
2020-06-02,0,60,8
2020-06-03,0,59,9
2020-06-04,0,58,10
2020-06-05,0,57,11
2020-06-06,0,56,12
2020-06-07,0,55,13
2020-06-08,0,54,14
2020-06-09,0,53,15
2020-06-10,0,52,16
2020-06-11,0,51,17
2020-06-12,0,50,18
2020-06-13,0,49,19
2020-06-14,0,48,20
2020-06-15,0,47,21
2020-06-16,0,46,22
2020-06-17,0,45,23
2020-06-18,0,44,24
2020-06-19,0,43,25
2020-06-20,0,42,26
2020-06-21,0,41,27
2020-06-22,0,40,28
2020-06-23,0,39,29
2020-06-24,0,38,30
2020-06-25,0,37,31
2020-06-26,0,36,32
2020-06-27,0,35,33
2020-06-28,0,34,34
2020-06-29,0,33,35
2020-06-30,0,32,36
2020-07-01,0,31,37
2020-07-02,0,30,38
2020-07-03,0,29,39
2020-07-04,0,28,40
2020-07-05,0,27,41
2020-07-06,0,26,42
2020-07-07,0,25,43
2020-07-08,0,24,44
2020-07-09,0,23,45
2020-07-10,0,22,46
2020-07-11,0,21,47
2020-07-12,0,20,48
2020-07-13,0,19,49
2020-07-14,0,18,50
2020-07-15,0,17,51
2020-07-16,0,16,52
2020-07-17,0,15,53
2020-07-18,0,14,54
2020-07-19,0,13,55
2020-07-20,0,12,56
2020-07-21,0,11,57
2020-07-22,0,10,58
2020-07-23,0,9,59
2020-07-24,0,8,60
2020-07-25,0,7,61
2020-07-26,0,6,62
2020-07-27,0,5,63
2020-07-28,0,4,64
2020-07-29,0,3,65
2020-07-30,0,2,66
2020-07-31,0,1,67
2020-08-01,1,0,68
2020-08-02,0,10,1
2020-08-03,0,9,2
2020-08-04,0,8,3
2020-08-05,0,7,4
2020-08-06,0,6,5
2020-08-07,0,5,6
2020-08-08,0,4,7
2020-08-09,0,3,8
2020-08-10,0,2,9
2020-08-11,0,1,10
2020-08-12,1,0,11
2020-08-13,0,2,1
2020-08-14,0,1,2
2020-08-15,1,0,3
2020-08-16,1,0,1
2020-08-17,0,5,1
2020-08-18,0,4,2
2020-08-19,0,3,3
2020-08-20,0,2,4
2020-08-21,0,1,5
2020-08-22,1,0,6
2020-08-23,0,7,1
2020-08-24,0,6,2
2020-08-25,0,5,3
2020-08-26,0,4,4
2020-08-27,0,3,5
2020-08-28,0,2,6
2020-08-29,0,1,7
2020-08-30,1,0,8
2020-08-31,1,0,1
2020-09-01,0,31,1
2020-09-02,0,30,2
2020-09-03,0,29,3
2020-09-04,0,28,4
2020-09-05,0,27,5
2020-09-06,0,26,6
2020-09-07,0,25,7
2020-09-08,0,24,8
2020-09-09,0,23,9
2020-09-10,0,22,10
2020-09-11,0,21,11
2020-09-12,0,20,12
2020-09-13,0,19,13
2020-09-14,0,18,14
2020-09-15,0,17,15
2020-09-16,0,16,16
2020-09-17,0,15,17
2020-09-18,0,14,18
2020-09-19,0,13,19
2020-09-20,0,12,20
2020-09-21,0,11,21
2020-09-22,0,10,22
2020-09-23,0,9,23
2020-09-24,0,8,24
2020-09-25,0,7,25
2020-09-26,0,6,26
2020-09-27,0,5,27
2020-09-28,0,4,28
2020-09-29,0,3,29
2020-09-30,0,2,30
2020-10-01,0,1,31
2020-10-02,1,0,32
2020-10-03,0,22,1
2020-10-04,0,21,2
2020-10-05,0,20,3
2020-10-06,0,19,4
2020-10-07,0,18,5
2020-10-08,0,17,6
2020-10-09,0,16,7
2020-10-10,0,15,8
2020-10-11,0,14,9
2020-10-12,0,13,10
2020-10-13,0,12,11
2020-10-14,0,11,12
2020-10-15,0,10,13
2020-10-16,0,9,14
2020-10-17,0,8,15
2020-10-18,0,7,16
2020-10-19,0,6,17
2020-10-20,0,5,18
2020-10-21,0,4,19
2020-10-22,0,3,20
2020-10-23,0,2,21
2020-10-24,0,1,22
2020-10-25,1,0,23
2020-10-26,0,4,1
2020-10-27,0,3,2
2020-10-28,0,2,3
2020-10-29,0,1,4
2020-10-30,1,0,5
2020-10-31,1,0,1
2020-11-01,1,0,1
2020-11-02,0,12,1
2020-11-03,0,11,2
2020-11-04,0,10,3
2020-11-05,0,9,4
2020-11-06,0,8,5
2020-11-07,0,7,6
2020-11-08,0,6,7
2020-11-09,0,5,8
2020-11-10,0,4,9
2020-11-11,0,3,10
2020-11-12,0,2,11
2020-11-13,0,1,12
2020-11-14,1,0,13
2020-11-15,0,1,1
2020-11-16,1,0,2
2020-11-17,0,3,1
2020-11-18,0,2,2
2020-11-19,0,1,3
2020-11-20,1,0,4
2020-11-21,0,9,1
2020-11-22,0,8,2
2020-11-23,0,7,3
2020-11-24,0,6,4
2020-11-25,0,5,5
2020-11-26,0,4,6
2020-11-27,0,3,7
2020-11-28,0,2,8
2020-11-29,0,1,9
2020-11-30,1,0,10
2020-12-01,0,24,1
2020-12-02,0,23,2
2020-12-03,0,22,3
2020-12-04,0,21,4
2020-12-05,0,20,5
2020-12-06,0,19,6
2020-12-07,0,18,7
2020-12-08,0,17,8
2020-12-09,0,16,9
2020-12-10,0,15,10
2020-12-11,0,14,11
2020-12-12,0,13,12
2020-12-13,0,12,13
2020-12-14,0,11,14
2020-12-15,0,10,15
2020-12-16,0,9,16
2020-12-17,0,8,17
2020-12-18,0,7,18
2020-12-19,0,6,19
2020-12-20,0,5,20
2020-12-21,0,4,21
2020-12-22,0,3,22
2020-12-23,0,2,23
2020-12-24,0,1,24
2020-12-25,1,0,25
2020-12-26,0,19,1
2020-12-27,0,18,2
2020-12-28,0,17,3
2020-12-29,0,16,4
2020-12-30,0,15,5
2020-12-31,0,14,6
2021-01-01,0,13,7
2021-01-02,0,12,8
2021-01-03,0,11,9
2021-01-04,0,10,10
2021-01-05,0,9,11
2021-01-06,0,8,12
2021-01-07,0,7,13
2021-01-08,0,6,14
2021-01-09,0,5,15
2021-01-10,0,4,16
2021-01-11,0,3,17
2021-01-12,0,2,18
2021-01-13,0,1,19
2021-01-14,1,0,20
2021-01-15,1,0,1
2021-01-16,1,0,1
2021-01-17,0,7,1
2021-01-18,0,6,2
2021-01-19,0,5,3
2021-01-20,0,4,4
2021-01-21,0,3,5
2021-01-22,0,2,6
2021-01-23,0,1,7
2021-01-24,1,0,8
2021-01-25,0,1,1
2021-01-26,1,0,2
2021-01-27,0,23,1
2021-01-28,0,22,2
2021-01-29,0,21,3
2021-01-30,0,20,4
2021-01-31,0,19,5
2021-02-01,0,18,6
2021-02-02,0,17,7
2021-02-03,0,16,8
2021-02-04,0,15,9
2021-02-05,0,14,10
2021-02-06,0,13,11
2021-02-07,0,12,12
2021-02-08,0,11,13
2021-02-09,0,10,14
2021-02-10,0,9,15
2021-02-11,0,8,16
2021-02-12,0,7,17
2021-02-13,0,6,18
2021-02-14,0,5,19
2021-02-15,0,4,20
2021-02-16,0,3,21
2021-02-17,0,2,22
2021-02-18,0,1,23
2021-02-19,1,0,24
2021-02-20,0,37,1
2021-02-21,0,36,2
2021-02-22,0,35,3
2021-02-23,0,34,4
2021-02-24,0,33,5
2021-02-25,0,32,6
2021-02-26,0,31,7
2021-02-27,0,30,8
2021-02-28,0,29,9
2021-03-01,0,28,10
2021-03-02,0,27,11
2021-03-03,0,26,12
2021-03-04,0,25,13
2021-03-05,0,24,14
2021-03-06,0,23,15
2021-03-07,0,22,16
2021-03-08,0,21,17
2021-03-09,0,20,18
2021-03-10,0,19,19
2021-03-11,0,18,20
2021-03-12,0,17,21
2021-03-13,0,16,22
2021-03-14,0,15,23
2021-03-15,0,14,24
2021-03-16,0,13,25
2021-03-17,0,12,26
2021-03-18,0,11,27
2021-03-19,0,10,28
2021-03-20,0,9,29
2021-03-21,0,8,30
2021-03-22,0,7,31
2021-03-23,0,6,32
2021-03-24,0,5,33
2021-03-25,0,4,34
2021-03-26,0,3,35
2021-03-27,0,2,36
2021-03-28,0,1,37
2021-03-29,1,0,38
2021-03-30,0,3,1
2021-03-31,0,2,2
2021-04-01,0,1,3
2021-04-02,1,0,4
2021-04-03,0,10,1
2021-04-04,0,9,2
2021-04-05,0,8,3
2021-04-06,0,7,4
2021-04-07,0,6,5
2021-04-08,0,5,6
2021-04-09,0,4,7
2021-04-10,0,3,8
2021-04-11,0,2,9
2021-04-12,0,1,10
2021-04-13,1,0,11
2021-04-14,1,0,1
2021-04-15,1,0,1
2021-04-16,0,5,1
2021-04-17,0,4,2
2021-04-18,0,3,3
2021-04-19,0,2,4
2021-04-20,0,1,5
2021-04-21,1,0,6
2021-04-22,0,3,1
2021-04-23,0,2,2
2021-04-24,0,1,3
2021-04-25,1,0,4
2021-04-26,0,5,1
2021-04-27,0,4,2
2021-04-28,0,3,3
2021-04-29,0,2,4
2021-04-30,0,1,5
2021-05-01,1,0,6
2021-05-02,0,7,1
2021-05-03,0,6,2
2021-05-04,0,5,3
2021-05-05,0,4,4
2021-05-06,0,3,5
2021-05-07,0,2,6
2021-05-08,0,1,7
2021-05-09,1,0,8
2021-05-10,0,4,1
2021-05-11,0,3,2
2021-05-12,0,2,3
2021-05-13,0,1,4
2021-05-14,1,0,5
2021-05-15,0,11,1
2021-05-16,0,10,2
2021-05-17,0,9,3
2021-05-18,0,8,4
2021-05-19,0,7,5
2021-05-20,0,6,6
2021-05-21,0,5,7
2021-05-22,0,4,8
2021-05-23,0,3,9
2021-05-24,0,2,10
2021-05-25,0,1,11
2021-05-26,1,0,12
2021-05-27,0,55,1
2021-05-28,0,54,2
2021-05-29,0,53,3
2021-05-30,0,52,4
2021-05-31,0,51,5
2021-06-01,0,50,6
2021-06-02,0,49,7
2021-06-03,0,48,8
2021-06-04,0,47,9
2021-06-05,0,46,10
2021-06-06,0,45,11
2021-06-07,0,44,12
2021-06-08,0,43,13
2021-06-09,0,42,14
2021-06-10,0,41,15
2021-06-11,0,40,16
2021-06-12,0,39,17
2021-06-13,0,38,18
2021-06-14,0,37,19
2021-06-15,0,36,20
2021-06-16,0,35,21
2021-06-17,0,34,22
2021-06-18,0,33,23
2021-06-19,0,32,24
2021-06-20,0,31,25
2021-06-21,0,30,26
2021-06-22,0,29,27
2021-06-23,0,28,28
2021-06-24,0,27,29
2021-06-25,0,26,30
2021-06-26,0,25,31
2021-06-27,0,24,32
2021-06-28,0,23,33
2021-06-29,0,22,34
2021-06-30,0,21,35
2021-07-01,0,20,36
2021-07-02,0,19,37
2021-07-03,0,18,38
2021-07-04,0,17,39
2021-07-05,0,16,40
2021-07-06,0,15,41
2021-07-07,0,14,42
2021-07-08,0,13,43
2021-07-09,0,12,44
2021-07-10,0,11,45
2021-07-11,0,10,46
2021-07-12,0,9,47
2021-07-13,0,8,48
2021-07-14,0,7,49
2021-07-15,0,6,50
2021-07-16,0,5,51
2021-07-17,0,4,52
2021-07-18,0,3,53
2021-07-19,0,2,54
2021-07-20,0,1,55
2021-07-21,1,0,56
2021-07-22,0,24,1
2021-07-23,0,23,2
2021-07-24,0,22,3
2021-07-25,0,21,4
2021-07-26,0,20,5
2021-07-27,0,19,6
2021-07-28,0,18,7
2021-07-29,0,17,8
2021-07-30,0,16,9
2021-07-31,0,15,10
2021-08-01,0,14,11
2021-08-02,0,13,12
2021-08-03,0,12,13
2021-08-04,0,11,14
2021-08-05,0,10,15
2021-08-06,0,9,16
2021-08-07,0,8,17
2021-08-08,0,7,18
2021-08-09,0,6,19
2021-08-10,0,5,20
2021-08-11,0,4,21
2021-08-12,0,3,22
2021-08-13,0,2,23
2021-08-14,0,1,24
2021-08-15,1,0,25
2021-08-16,1,0,1
2021-08-17,0,2,1
2021-08-18,0,1,2
2021-08-19,1,0,3
2021-08-20,0,1,1
2021-08-21,1,0,2
2021-08-22,0,8,1
2021-08-23,0,7,2
2021-08-24,0,6,3
2021-08-25,0,5,4
2021-08-26,0,4,5
2021-08-27,0,3,6
2021-08-28,0,2,7
2021-08-29,0,1,8
2021-08-30,1,0,9
2021-08-31,0,10,1
2021-09-01,0,9,2
2021-09-02,0,8,3
2021-09-03,0,7,4
2021-09-04,0,6,5
2021-09-05,0,5,6
2021-09-06,0,4,7
2021-09-07,0,3,8
2021-09-08,0,2,9
2021-09-09,0,1,10
2021-09-10,1,0,11
2021-09-11,0,21,1
2021-09-12,0,20,2
2021-09-13,0,19,3
2021-09-14,0,18,4
2021-09-15,0,17,5
2021-09-16,0,16,6
2021-09-17,0,15,7
2021-09-18,0,14,8
2021-09-19,0,13,9
2021-09-20,0,12,10
2021-09-21,0,11,11
2021-09-22,0,10,12
2021-09-23,0,9,13
2021-09-24,0,8,14
2021-09-25,0,7,15
2021-09-26,0,6,16
2021-09-27,0,5,17
2021-09-28,0,4,18
2021-09-29,0,3,19
2021-09-30,0,2,20
2021-10-01,0,1,21
2021-10-02,1,0,22
2021-10-03,0,12,1
2021-10-04,0,11,2
2021-10-05,0,10,3
2021-10-06,0,9,4
2021-10-07,0,8,5
2021-10-08,0,7,6
2021-10-09,0,6,7
2021-10-10,0,5,8
2021-10-11,0,4,9
2021-10-12,0,3,10
2021-10-13,0,2,11
2021-10-14,0,1,12
2021-10-15,1,0,13
2021-10-16,0,3,1
2021-10-17,0,2,2
2021-10-18,0,1,3
2021-10-19,1,0,4
2021-10-20,0,11,1
2021-10-21,0,10,2
2021-10-22,0,9,3
2021-10-23,0,8,4
2021-10-24,0,7,5
2021-10-25,0,6,6
2021-10-26,0,5,7
2021-10-27,0,4,8
2021-10-28,0,3,9
2021-10-29,0,2,10
2021-10-30,0,1,11
2021-10-31,1,0,12
2021-11-01,1,0,1
2021-11-02,0,2,1
2021-11-03,0,1,2
2021-11-04,1,0,3
2021-11-05,1,0,1
2021-11-06,0,4,1
2021-11-07,0,3,2
2021-11-08,0,2,3
2021-11-09,0,1,4
2021-11-10,1,0,5
2021-11-11,0,8,1
2021-11-12,0,7,2
2021-11-13,0,6,3
2021-11-14,0,5,4
2021-11-15,0,4,5
2021-11-16,0,3,6
2021-11-17,0,2,7
2021-11-18,0,1,8
2021-11-19,1,0,9
2021-11-20,0,35,1
2021-11-21,0,34,2
2021-11-22,0,33,3
2021-11-23,0,32,4
2021-11-24,0,31,5
2021-11-25,0,30,6
2021-11-26,0,29,7
2021-11-27,0,28,8
2021-11-28,0,27,9
2021-11-29,0,26,10
2021-11-30,0,25,11
2021-12-01,0,24,12
2021-12-02,0,23,13
2021-12-03,0,22,14
2021-12-04,0,21,15
2021-12-05,0,20,16
2021-12-06,0,19,17
2021-12-07,0,18,18
2021-12-08,0,17,19
2021-12-09,0,16,20
2021-12-10,0,15,21
2021-12-11,0,14,22
2021-12-12,0,13,23
2021-12-13,0,12,24
2021-12-14,0,11,25
2021-12-15,0,10,26
2021-12-16,0,9,27
2021-12-17,0,8,28
2021-12-18,0,7,29
2021-12-19,0,6,30
2021-12-20,0,5,31
2021-12-21,0,4,32
2021-12-22,0,3,33
2021-12-23,0,2,34
2021-12-24,0,1,35
2021-12-25,1,0,36
2021-12-26,0,19,1
2021-12-27,0,18,2
2021-12-28,0,17,3
2021-12-29,0,16,4
2021-12-30,0,15,5
2021-12-31,0,14,6
2022-01-01,0,13,7
2022-01-02,0,12,8
2022-01-03,0,11,9
2022-01-04,0,10,10
2022-01-05,0,9,11
2022-01-06,0,8,12
2022-01-07,0,7,13
2022-01-08,0,6,14
2022-01-09,0,5,15
2022-01-10,0,4,16
2022-01-11,0,3,17
2022-01-12,0,2,18
2022-01-13,0,1,19
2022-01-14,1,0,20
2022-01-15,1,0,1
2022-01-16,1,0,1
2022-01-17,0,7,1
2022-01-18,0,6,2
2022-01-19,0,5,3
2022-01-20,0,4,4
2022-01-21,0,3,5
2022-01-22,0,2,6
2022-01-23,0,1,7
2022-01-24,1,0,8
2022-01-25,0,1,1
2022-01-26,1,0,2
2022-01-27,0,23,1
2022-01-28,0,22,2
2022-01-29,0,21,3
2022-01-30,0,20,4
2022-01-31,0,19,5
2022-02-01,0,18,6
2022-02-02,0,17,7
2022-02-03,0,16,8
2022-02-04,0,15,9
2022-02-05,0,14,10
2022-02-06,0,13,11
2022-02-07,0,12,12
2022-02-08,0,11,13
2022-02-09,0,10,14
2022-02-10,0,9,15
2022-02-11,0,8,16
2022-02-12,0,7,17
2022-02-13,0,6,18
2022-02-14,0,5,19
2022-02-15,0,4,20
2022-02-16,0,3,21
2022-02-17,0,2,22
2022-02-18,0,1,23
2022-02-19,1,0,24
2022-02-20,0,9,1
2022-02-21,0,8,2
2022-02-22,0,7,3
2022-02-23,0,6,4
2022-02-24,0,5,5
2022-02-25,0,4,6
2022-02-26,0,3,7
2022-02-27,0,2,8
2022-02-28,0,1,9
2022-03-01,1,0,10
2022-03-02,0,16,1
2022-03-03,0,15,2
2022-03-04,0,14,3
2022-03-05,0,13,4
2022-03-06,0,12,5
2022-03-07,0,11,6
2022-03-08,0,10,7
2022-03-09,0,9,8
2022-03-10,0,8,9
2022-03-11,0,7,10
2022-03-12,0,6,11
2022-03-13,0,5,12
2022-03-14,0,4,13
2022-03-15,0,3,14
2022-03-16,0,2,15
2022-03-17,0,1,16
2022-03-18,1,0,17
2022-03-19,0,14,1
2022-03-20,0,13,2
2022-03-21,0,12,3
2022-03-22,0,11,4
2022-03-23,0,10,5
2022-03-24,0,9,6
2022-03-25,0,8,7
2022-03-26,0,7,8
2022-03-27,0,6,9
2022-03-28,0,5,10
2022-03-29,0,4,11
2022-03-30,0,3,12
2022-03-31,0,2,13
2022-04-01,0,1,14
2022-04-02,1,0,15
2022-04-03,0,11,1
2022-04-04,0,10,2
2022-04-05,0,9,3
2022-04-06,0,8,4
2022-04-07,0,7,5
2022-04-08,0,6,6
2022-04-09,0,5,7
2022-04-10,0,4,8
2022-04-11,0,3,9
2022-04-12,0,2,10
2022-04-13,0,1,11
2022-04-14,1,0,12
2022-04-15,1,0,1
2022-04-16,0,15,1
2022-04-17,0,14,2
2022-04-18,0,13,3
2022-04-19,0,12,4
2022-04-20,0,11,5
2022-04-21,0,10,6
2022-04-22,0,9,7
2022-04-23,0,8,8
2022-04-24,0,7,9
2022-04-25,0,6,10
2022-04-26,0,5,11
2022-04-27,0,4,12
2022-04-28,0,3,13
2022-04-29,0,2,14
2022-04-30,0,1,15
2022-05-01,1,0,16
2022-05-02,0,1,1
2022-05-03,1,0,2
2022-05-04,0,5,1
2022-05-05,0,4,2
2022-05-06,0,3,3
2022-05-07,0,2,4
2022-05-08,0,1,5
2022-05-09,1,0,6
2022-05-10,0,6,1
2022-05-11,0,5,2
2022-05-12,0,4,3
2022-05-13,0,3,4
2022-05-14,0,2,5
2022-05-15,0,1,6
2022-05-16,1,0,7
2022-05-17,0,54,1
2022-05-18,0,53,2
2022-05-19,0,52,3
2022-05-20,0,51,4
2022-05-21,0,50,5
2022-05-22,0,49,6
2022-05-23,0,48,7
2022-05-24,0,47,8
2022-05-25,0,46,9
2022-05-26,0,45,10
2022-05-27,0,44,11
2022-05-28,0,43,12
2022-05-29,0,42,13
2022-05-30,0,41,14
2022-05-31,0,40,15
2022-06-01,0,39,16
2022-06-02,0,38,17
2022-06-03,0,37,18
2022-06-04,0,36,19
2022-06-05,0,35,20
2022-06-06,0,34,21
2022-06-07,0,33,22
2022-06-08,0,32,23
2022-06-09,0,31,24
2022-06-10,0,30,25
2022-06-11,0,29,26
2022-06-12,0,28,27
2022-06-13,0,27,28
2022-06-14,0,26,29
2022-06-15,0,25,30
2022-06-16,0,24,31
2022-06-17,0,23,32
2022-06-18,0,22,33
2022-06-19,0,21,34
2022-06-20,0,20,35
2022-06-21,0,19,36
2022-06-22,0,18,37
2022-06-23,0,17,38
2022-06-24,0,16,39
2022-06-25,0,15,40
2022-06-26,0,14,41
2022-06-27,0,13,42
2022-06-28,0,12,43
2022-06-29,0,11,44
2022-06-30,0,10,45
2022-07-01,0,9,46
2022-07-02,0,8,47
2022-07-03,0,7,48
2022-07-04,0,6,49
2022-07-05,0,5,50
2022-07-06,0,4,51
2022-07-07,0,3,52
2022-07-08,0,2,53
2022-07-09,0,1,54
2022-07-10,1,0,55
2022-07-11,0,29,1
2022-07-12,0,28,2
2022-07-13,0,27,3
2022-07-14,0,26,4
2022-07-15,0,25,5
2022-07-16,0,24,6
2022-07-17,0,23,7
2022-07-18,0,22,8
2022-07-19,0,21,9
2022-07-20,0,20,10
2022-07-21,0,19,11
2022-07-22,0,18,12
2022-07-23,0,17,13
2022-07-24,0,16,14
2022-07-25,0,15,15
2022-07-26,0,14,16
2022-07-27,0,13,17
2022-07-28,0,12,18
2022-07-29,0,11,19
2022-07-30,0,10,20
2022-07-31,0,9,21
2022-08-01,0,8,22
2022-08-02,0,7,23
2022-08-03,0,6,24
2022-08-04,0,5,25
2022-08-05,0,4,26
2022-08-06,0,3,27
2022-08-07,0,2,28
2022-08-08,0,1,29
2022-08-09,1,0,30
2022-08-10,0,5,1
2022-08-11,0,4,2
2022-08-12,0,3,3
2022-08-13,0,2,4
2022-08-14,0,1,5
2022-08-15,1,0,6
2022-08-16,1,0,1
2022-08-17,0,2,1
2022-08-18,0,1,2
2022-08-19,1,0,3
2022-08-20,0,11,1
2022-08-21,0,10,2
2022-08-22,0,9,3
2022-08-23,0,8,4
2022-08-24,0,7,5
2022-08-25,0,6,6
2022-08-26,0,5,7
2022-08-27,0,4,8
2022-08-28,0,3,9
2022-08-29,0,2,10
2022-08-30,0,1,11
2022-08-31,1,0,12
2022-09-01,0,7,1
2022-09-02,0,6,2
2022-09-03,0,5,3
2022-09-04,0,4,4
2022-09-05,0,3,5
2022-09-06,0,2,6
2022-09-07,0,1,7
2022-09-08,1,0,8
2022-09-09,0,23,1
2022-09-10,0,22,2
2022-09-11,0,21,3
2022-09-12,0,20,4
2022-09-13,0,19,5
2022-09-14,0,18,6
2022-09-15,0,17,7
2022-09-16,0,16,8
2022-09-17,0,15,9
2022-09-18,0,14,10
2022-09-19,0,13,11
2022-09-20,0,12,12
2022-09-21,0,11,13
2022-09-22,0,10,14
2022-09-23,0,9,15
2022-09-24,0,8,16
2022-09-25,0,7,17
2022-09-26,0,6,18
2022-09-27,0,5,19
2022-09-28,0,4,20
2022-09-29,0,3,21
2022-09-30,0,2,22
2022-10-01,0,1,23
2022-10-02,1,0,24
2022-10-03,0,2,1
2022-10-04,0,1,2
2022-10-05,1,0,3
2022-10-06,0,3,1
2022-10-07,0,2,2
2022-10-08,0,1,3
2022-10-09,1,0,4
2022-10-10,0,14,1
2022-10-11,0,13,2
2022-10-12,0,12,3
2022-10-13,0,11,4
2022-10-14,0,10,5
2022-10-15,0,9,6
2022-10-16,0,8,7
2022-10-17,0,7,8
2022-10-18,0,6,9
2022-10-19,0,5,10
2022-10-20,0,4,11
2022-10-21,0,3,12
2022-10-22,0,2,13
2022-10-23,0,1,14
2022-10-24,1,0,15
2022-10-25,0,1,1
2022-10-26,1,0,2
2022-10-27,0,3,1
2022-10-28,0,2,2
2022-10-29,0,1,3
2022-10-30,1,0,4
2022-10-31,1,0,1
2022-11-01,1,0,1
2022-11-02,0,6,1
2022-11-03,0,5,2
2022-11-04,0,4,3
2022-11-05,0,3,4
2022-11-06,0,2,5
2022-11-07,0,1,6
2022-11-08,1,0,7
2022-11-09,0,46,1
2022-11-10,0,45,2
2022-11-11,0,44,3
2022-11-12,0,43,4
2022-11-13,0,42,5
2022-11-14,0,41,6
2022-11-15,0,40,7
2022-11-16,0,39,8
2022-11-17,0,38,9
2022-11-18,0,37,10
2022-11-19,0,36,11
2022-11-20,0,35,12
2022-11-21,0,34,13
2022-11-22,0,33,14
2022-11-23,0,32,15
2022-11-24,0,31,16
2022-11-25,0,30,17
2022-11-26,0,29,18
2022-11-27,0,28,19
2022-11-28,0,27,20
2022-11-29,0,26,21
2022-11-30,0,25,22
2022-12-01,0,24,23
2022-12-02,0,23,24
2022-12-03,0,22,25
2022-12-04,0,21,26
2022-12-05,0,20,27
2022-12-06,0,19,28
2022-12-07,0,18,29
2022-12-08,0,17,30
2022-12-09,0,16,31
2022-12-10,0,15,32
2022-12-11,0,14,33
2022-12-12,0,13,34
2022-12-13,0,12,35
2022-12-14,0,11,36
2022-12-15,0,10,37
2022-12-16,0,9,38
2022-12-17,0,8,39
2022-12-18,0,7,40
2022-12-19,0,6,41
2022-12-20,0,5,42
2022-12-21,0,4,43
2022-12-22,0,3,44
2022-12-23,0,2,45
2022-12-24,0,1,46
2022-12-25,1,0,47
2022-12-26,0,19,1
2022-12-27,0,18,2
2022-12-28,0,17,3
2022-12-29,0,16,4
2022-12-30,0,15,5
2022-12-31,0,14,6
2023-01-01,0,13,7
2023-01-02,0,12,8
2023-01-03,0,11,9
2023-01-04,0,10,10
2023-01-05,0,9,11
2023-01-06,0,8,12
2023-01-07,0,7,13
2023-01-08,0,6,14
2023-01-09,0,5,15
2023-01-10,0,4,16
2023-01-11,0,3,17
2023-01-12,0,2,18
2023-01-13,0,1,19
2023-01-14,1,0,20
2023-01-15,1,0,1
2023-01-16,1,0,1
2023-01-17,1,0,1
2023-01-18,0,6,1
2023-01-19,0,5,2
2023-01-20,0,4,3
2023-01-21,0,3,4
2023-01-22,0,2,5
2023-01-23,0,1,6
2023-01-24,1,0,7
2023-01-25,0,1,1
2023-01-26,1,0,2
2023-01-27,0,23,1
2023-01-28,0,22,2
2023-01-29,0,21,3
2023-01-30,0,20,4
2023-01-31,0,19,5
2023-02-01,0,18,6
2023-02-02,0,17,7
2023-02-03,0,16,8
2023-02-04,0,15,9
2023-02-05,0,14,10
2023-02-06,0,13,11
2023-02-07,0,12,12
2023-02-08,0,11,13
2023-02-09,0,10,14
2023-02-10,0,9,15
2023-02-11,0,8,16
2023-02-12,0,7,17
2023-02-13,0,6,18
2023-02-14,0,5,19
2023-02-15,0,4,20
2023-02-16,0,3,21
2023-02-17,0,2,22
2023-02-18,0,1,23
2023-02-19,1,0,24
2023-02-20,0,16,1
2023-02-21,0,15,2
2023-02-22,0,14,3
2023-02-23,0,13,4
2023-02-24,0,12,5
2023-02-25,0,11,6
2023-02-26,0,10,7
2023-02-27,0,9,8
2023-02-28,0,8,9
2023-03-01,0,7,10
2023-03-02,0,6,11
2023-03-03,0,5,12
2023-03-04,0,4,13
2023-03-05,0,3,14
2023-03-06,0,2,15
2023-03-07,0,1,16
2023-03-08,1,0,17
2023-03-09,0,13,1
2023-03-10,0,12,2
2023-03-11,0,11,3
2023-03-12,0,10,4
2023-03-13,0,9,5
2023-03-14,0,8,6
2023-03-15,0,7,7
2023-03-16,0,6,8
2023-03-17,0,5,9
2023-03-18,0,4,10
2023-03-19,0,3,11
2023-03-20,0,2,12
2023-03-21,0,1,13
2023-03-22,1,0,14
2023-03-23,0,7,1
2023-03-24,0,6,2
2023-03-25,0,5,3
2023-03-26,0,4,4
2023-03-27,0,3,5
2023-03-28,0,2,6
2023-03-29,0,1,7
2023-03-30,1,0,8
2023-03-31,0,4,1
2023-04-01,0,3,2
2023-04-02,0,2,3
2023-04-03,0,1,4
2023-04-04,1,0,5
2023-04-05,0,2,1
2023-04-06,0,1,2
2023-04-07,1,0,3
2023-04-08,0,6,1
2023-04-09,0,5,2
2023-04-10,0,4,3
2023-04-11,0,3,4
2023-04-12,0,2,5
2023-04-13,0,1,6
2023-04-14,1,0,7
2023-04-15,1,0,1
2023-04-16,0,6,1
2023-04-17,0,5,2
2023-04-18,0,4,3
2023-04-19,0,3,4
2023-04-20,0,2,5
2023-04-21,0,1,6
2023-04-22,1,0,7
2023-04-23,0,8,1
2023-04-24,0,7,2
2023-04-25,0,6,3
2023-04-26,0,5,4
2023-04-27,0,4,5
2023-04-28,0,3,6
2023-04-29,0,2,7
2023-04-30,0,1,8
2023-05-01,1,0,9
2023-05-02,0,3,1
2023-05-03,0,2,2
2023-05-04,0,1,3
2023-05-05,1,0,4
2023-05-06,0,3,1
2023-05-07,0,2,2
2023-05-08,0,1,3
2023-05-09,1,0,4
2023-05-10,0,50,1
2023-05-11,0,49,2
2023-05-12,0,48,3
2023-05-13,0,47,4
2023-05-14,0,46,5
2023-05-15,0,45,6
2023-05-16,0,44,7
2023-05-17,0,43,8
2023-05-18,0,42,9
2023-05-19,0,41,10
2023-05-20,0,40,11
2023-05-21,0,39,12
2023-05-22,0,38,13
2023-05-23,0,37,14
2023-05-24,0,36,15
2023-05-25,0,35,16
2023-05-26,0,34,17
2023-05-27,0,33,18
2023-05-28,0,32,19
2023-05-29,0,31,20
2023-05-30,0,30,21
2023-05-31,0,29,22
2023-06-01,0,28,23
2023-06-02,0,27,24
2023-06-03,0,26,25
2023-06-04,0,25,26
2023-06-05,0,24,27
2023-06-06,0,23,28
2023-06-07,0,22,29
2023-06-08,0,21,30
2023-06-09,0,20,31
2023-06-10,0,19,32
2023-06-11,0,18,33
2023-06-12,0,17,34
2023-06-13,0,16,35
2023-06-14,0,15,36
2023-06-15,0,14,37
2023-06-16,0,13,38
2023-06-17,0,12,39
2023-06-18,0,11,40
2023-06-19,0,10,41
2023-06-20,0,9,42
2023-06-21,0,8,43
2023-06-22,0,7,44
2023-06-23,0,6,45
2023-06-24,0,5,46
2023-06-25,0,4,47
2023-06-26,0,3,48
2023-06-27,0,2,49
2023-06-28,0,1,50
2023-06-29,1,0,51
2023-06-30,0,29,1
2023-07-01,0,28,2
2023-07-02,0,27,3
2023-07-03,0,26,4
2023-07-04,0,25,5
2023-07-05,0,24,6
2023-07-06,0,23,7
2023-07-07,0,22,8
2023-07-08,0,21,9
2023-07-09,0,20,10
2023-07-10,0,19,11
2023-07-11,0,18,12
2023-07-12,0,17,13
2023-07-13,0,16,14
2023-07-14,0,15,15
2023-07-15,0,14,16
2023-07-16,0,13,17
2023-07-17,0,12,18
2023-07-18,0,11,19
2023-07-19,0,10,20
2023-07-20,0,9,21
2023-07-21,0,8,22
2023-07-22,0,7,23
2023-07-23,0,6,24
2023-07-24,0,5,25
2023-07-25,0,4,26
2023-07-26,0,3,27
2023-07-27,0,2,28
2023-07-28,0,1,29
2023-07-29,1,0,30
2023-07-30,0,16,1
2023-07-31,0,15,2
2023-08-01,0,14,3
2023-08-02,0,13,4
2023-08-03,0,12,5
2023-08-04,0,11,6
2023-08-05,0,10,7
2023-08-06,0,9,8
2023-08-07,0,8,9
2023-08-08,0,7,10
2023-08-09,0,6,11
2023-08-10,0,5,12
2023-08-11,0,4,13
2023-08-12,0,3,14
2023-08-13,0,2,15
2023-08-14,0,1,16
2023-08-15,1,0,17
2023-08-16,1,0,1
2023-08-17,0,12,1
2023-08-18,0,11,2
2023-08-19,0,10,3
2023-08-20,0,9,4
2023-08-21,0,8,5
2023-08-22,0,7,6
2023-08-23,0,6,7
2023-08-24,0,5,8
2023-08-25,0,4,9
2023-08-26,0,3,10
2023-08-27,0,2,11
2023-08-28,0,1,12
2023-08-29,1,0,13
2023-08-30,0,8,1
2023-08-31,0,7,2
2023-09-01,0,6,3
2023-09-02,0,5,4
2023-09-03,0,4,5
2023-09-04,0,3,6
2023-09-05,0,2,7
2023-09-06,0,1,8
2023-09-07,1,0,9
2023-09-08,0,11,1
2023-09-09,0,10,2
2023-09-10,0,9,3
2023-09-11,0,8,4
2023-09-12,0,7,5
2023-09-13,0,6,6
2023-09-14,0,5,7
2023-09-15,0,4,8
2023-09-16,0,3,9
2023-09-17,0,2,10
2023-09-18,0,1,11
2023-09-19,1,0,12
2023-09-20,0,8,1
2023-09-21,0,7,2
2023-09-22,0,6,3
2023-09-23,0,5,4
2023-09-24,0,4,5
2023-09-25,0,3,6
2023-09-26,0,2,7
2023-09-27,0,1,8
2023-09-28,1,0,9
2023-09-29,0,3,1
2023-09-30,0,2,2
2023-10-01,0,1,3
2023-10-02,1,0,4
2023-10-03,0,21,1
2023-10-04,0,20,2
2023-10-05,0,19,3
2023-10-06,0,18,4
2023-10-07,0,17,5
2023-10-08,0,16,6
2023-10-09,0,15,7
2023-10-10,0,14,8
2023-10-11,0,13,9
2023-10-12,0,12,10
2023-10-13,0,11,11
2023-10-14,0,10,12
2023-10-15,0,9,13
2023-10-16,0,8,14
2023-10-17,0,7,15
2023-10-18,0,6,16
2023-10-19,0,5,17
2023-10-20,0,4,18
2023-10-21,0,3,19
2023-10-22,0,2,20
2023-10-23,0,1,21
2023-10-24,1,0,22
2023-10-25,0,6,1
2023-10-26,0,5,2
2023-10-27,0,4,3
2023-10-28,0,3,4
2023-10-29,0,2,5
2023-10-30,0,1,6
2023-10-31,1,0,7
2023-11-01,1,0,1
2023-11-02,0,10,1
2023-11-03,0,9,2
2023-11-04,0,8,3
2023-11-05,0,7,4
2023-11-06,0,6,5
2023-11-07,0,5,6
2023-11-08,0,4,7
2023-11-09,0,3,8
2023-11-10,0,2,9
2023-11-11,0,1,10
2023-11-12,1,0,11
2023-11-13,0,1,1
2023-11-14,1,0,2
2023-11-15,0,4,1
2023-11-16,0,3,2
2023-11-17,0,2,3
2023-11-18,0,1,4
2023-11-19,1,0,5
2023-11-20,0,7,1
2023-11-21,0,6,2
2023-11-22,0,5,3
2023-11-23,0,4,4
2023-11-24,0,3,5
2023-11-25,0,2,6
2023-11-26,0,1,7
2023-11-27,1,0,8
2023-11-28,0,27,1
2023-11-29,0,26,2
2023-11-30,0,25,3
2023-12-01,0,24,4
2023-12-02,0,23,5
2023-12-03,0,22,6
2023-12-04,0,21,7
2023-12-05,0,20,8
2023-12-06,0,19,9
2023-12-07,0,18,10
2023-12-08,0,17,11
2023-12-09,0,16,12
2023-12-10,0,15,13
2023-12-11,0,14,14
2023-12-12,0,13,15
2023-12-13,0,12,16
2023-12-14,0,11,17
2023-12-15,0,10,18
2023-12-16,0,9,19
2023-12-17,0,8,20
2023-12-18,0,7,21
2023-12-19,0,6,22
2023-12-20,0,5,23
2023-12-21,0,4,24
2023-12-22,0,3,25
2023-12-23,0,2,26
2023-12-24,0,1,27
2023-12-25,1,0,28
2023-12-26,0,19,1
2023-12-27,0,18,2
2023-12-28,0,17,3
2023-12-29,0,16,4
2023-12-30,0,15,5
2023-12-31,0,14,6
2024-01-01,0,13,7
2024-01-02,0,12,8
2024-01-03,0,11,9
2024-01-04,0,10,10
2024-01-05,0,9,11
2024-01-06,0,8,12
2024-01-07,0,7,13
2024-01-08,0,6,14
2024-01-09,0,5,15
2024-01-10,0,4,16
2024-01-11,0,3,17
2024-01-12,0,2,18
2024-01-13,0,1,19
2024-01-14,1,0,20
2024-01-15,1,0,1
2024-01-16,1,0,1
2024-01-17,1,0,1
2024-01-18,0,6,1
2024-01-19,0,5,2
2024-01-20,0,4,3
2024-01-21,0,3,4
2024-01-22,0,2,5
2024-01-23,0,1,6
2024-01-24,1,0,7
2024-01-25,0,1,1
2024-01-26,1,0,2
2024-01-27,0,23,1
2024-01-28,0,22,2
2024-01-29,0,21,3
2024-01-30,0,20,4
2024-01-31,0,19,5
2024-02-01,0,18,6
2024-02-02,0,17,7
2024-02-03,0,16,8
2024-02-04,0,15,9
2024-02-05,0,14,10
2024-02-06,0,13,11
2024-02-07,0,12,12
2024-02-08,0,11,13
2024-02-09,0,10,14
2024-02-10,0,9,15
2024-02-11,0,8,16
2024-02-12,0,7,17
2024-02-13,0,6,18
2024-02-14,0,5,19
2024-02-15,0,4,20
2024-02-16,0,3,21
2024-02-17,0,2,22
2024-02-18,0,1,23
2024-02-19,1,0,24
2024-02-20,0,34,1
2024-02-21,0,33,2
2024-02-22,0,32,3
2024-02-23,0,31,4
2024-02-24,0,30,5
2024-02-25,0,29,6
2024-02-26,0,28,7
2024-02-27,0,27,8
2024-02-28,0,26,9
2024-02-29,0,25,10
2024-03-01,0,24,11
2024-03-02,0,23,12
2024-03-03,0,22,13
2024-03-04,0,21,14
2024-03-05,0,20,15
2024-03-06,0,19,16
2024-03-07,0,18,17
2024-03-08,0,17,18
2024-03-09,0,16,19
2024-03-10,0,15,20
2024-03-11,0,14,21
2024-03-12,0,13,22
2024-03-13,0,12,23
2024-03-14,0,11,24
2024-03-15,0,10,25
2024-03-16,0,9,26
2024-03-17,0,8,27
2024-03-18,0,7,28
2024-03-19,0,6,29
2024-03-20,0,5,30
2024-03-21,0,4,31
2024-03-22,0,3,32
2024-03-23,0,2,33
2024-03-24,0,1,34
2024-03-25,1,0,35
2024-03-26,0,3,1
2024-03-27,0,2,2
2024-03-28,0,1,3
2024-03-29,1,0,4
2024-03-30,0,10,1
2024-03-31,0,9,2
2024-04-01,0,8,3
2024-04-02,0,7,4
2024-04-03,0,6,5
2024-04-04,0,5,6
2024-04-05,0,4,7
2024-04-06,0,3,8
2024-04-07,0,2,9
2024-04-08,0,1,10
2024-04-09,1,0,11
2024-04-10,0,1,1
2024-04-11,1,0,2
2024-04-12,0,2,1
2024-04-13,0,1,2
2024-04-14,1,0,3
2024-04-15,1,0,1
2024-04-16,0,1,1
2024-04-17,1,0,2
2024-04-18,0,3,1
2024-04-19,0,2,2
2024-04-20,0,1,3
2024-04-21,1,0,4
2024-04-22,0,9,1
2024-04-23,0,8,2
2024-04-24,0,7,3
2024-04-25,0,6,4
2024-04-26,0,5,5
2024-04-27,0,4,6
2024-04-28,0,3,7
2024-04-29,0,2,8
2024-04-30,0,1,9
2024-05-01,1,0,10
2024-05-02,0,7,1
2024-05-03,0,6,2
2024-05-04,0,5,3
2024-05-05,0,4,4
2024-05-06,0,3,5
2024-05-07,0,2,6
2024-05-08,0,1,7
2024-05-09,1,0,8
2024-05-10,0,13,1
2024-05-11,0,12,2
2024-05-12,0,11,3
2024-05-13,0,10,4
2024-05-14,0,9,5
2024-05-15,0,8,6
2024-05-16,0,7,7
2024-05-17,0,6,8
2024-05-18,0,5,9
2024-05-19,0,4,10
2024-05-20,0,3,11
2024-05-21,0,2,12
2024-05-22,0,1,13
2024-05-23,1,0,14
2024-05-24,0,24,1
2024-05-25,0,23,2
2024-05-26,0,22,3
2024-05-27,0,21,4
2024-05-28,0,20,5
2024-05-29,0,19,6
2024-05-30,0,18,7
2024-05-31,0,17,8
2024-06-01,0,16,9
2024-06-02,0,15,10
2024-06-03,0,14,11
2024-06-04,0,13,12
2024-06-05,0,12,13
2024-06-06,0,11,14
2024-06-07,0,10,15
2024-06-08,0,9,16
2024-06-09,0,8,17
2024-06-10,0,7,18
2024-06-11,0,6,19
2024-06-12,0,5,20
2024-06-13,0,4,21
2024-06-14,0,3,22
2024-06-15,0,2,23
2024-06-16,0,1,24
2024-06-17,1,0,25
2024-06-18,0,29,1
2024-06-19,0,28,2
2024-06-20,0,27,3
2024-06-21,0,26,4
2024-06-22,0,25,5
2024-06-23,0,24,6
2024-06-24,0,23,7
2024-06-25,0,22,8
2024-06-26,0,21,9
2024-06-27,0,20,10
2024-06-28,0,19,11
2024-06-29,0,18,12
2024-06-30,0,17,13
2024-07-01,0,16,14
2024-07-02,0,15,15
2024-07-03,0,14,16
2024-07-04,0,13,17
2024-07-05,0,12,18
2024-07-06,0,11,19
2024-07-07,0,10,20
2024-07-08,0,9,21
2024-07-09,0,8,22
2024-07-10,0,7,23
2024-07-11,0,6,24
2024-07-12,0,5,25
2024-07-13,0,4,26
2024-07-14,0,3,27
2024-07-15,0,2,28
2024-07-16,0,1,29
2024-07-17,1,0,30
2024-07-18,0,28,1
2024-07-19,0,27,2
2024-07-20,0,26,3
2024-07-21,0,25,4
2024-07-22,0,24,5
2024-07-23,0,23,6
2024-07-24,0,22,7
2024-07-25,0,21,8
2024-07-26,0,20,9
2024-07-27,0,19,10
2024-07-28,0,18,11
2024-07-29,0,17,12
2024-07-30,0,16,13
2024-07-31,0,15,14
2024-08-01,0,14,15
2024-08-02,0,13,16
2024-08-03,0,12,17
2024-08-04,0,11,18
2024-08-05,0,10,19
2024-08-06,0,9,20
2024-08-07,0,8,21
2024-08-08,0,7,22
2024-08-09,0,6,23
2024-08-10,0,5,24
2024-08-11,0,4,25
2024-08-12,0,3,26
2024-08-13,0,2,27
2024-08-14,0,1,28
2024-08-15,1,0,29
2024-08-16,0,10,1
2024-08-17,0,9,2
2024-08-18,0,8,3
2024-08-19,0,7,4
2024-08-20,0,6,5
2024-08-21,0,5,6
2024-08-22,0,4,7
2024-08-23,0,3,8
2024-08-24,0,2,9
2024-08-25,0,1,10
2024-08-26,1,0,11
2024-08-27,0,11,1
2024-08-28,0,10,2
2024-08-29,0,9,3
2024-08-30,0,8,4
2024-08-31,0,7,5
2024-09-01,0,6,6
2024-09-02,0,5,7
2024-09-03,0,4,8
2024-09-04,0,3,9
2024-09-05,0,2,10
2024-09-06,0,1,11
2024-09-07,1,0,12
2024-09-08,0,7,1
2024-09-09,0,6,2
2024-09-10,0,5,3
2024-09-11,0,4,4
2024-09-12,0,3,5
2024-09-13,0,2,6
2024-09-14,0,1,7
2024-09-15,1,0,8
2024-09-16,1,0,1
2024-09-17,0,15,1
2024-09-18,0,14,2
2024-09-19,0,13,3
2024-09-20,0,12,4
2024-09-21,0,11,5
2024-09-22,0,10,6
2024-09-23,0,9,7
2024-09-24,0,8,8
2024-09-25,0,7,9
2024-09-26,0,6,10
2024-09-27,0,5,11
2024-09-28,0,4,12
2024-09-29,0,3,13
2024-09-30,0,2,14
2024-10-01,0,1,15
2024-10-02,1,0,16
2024-10-03,0,9,1
2024-10-04,0,8,2
2024-10-05,0,7,3
2024-10-06,0,6,4
2024-10-07,0,5,5
2024-10-08,0,4,6
2024-10-09,0,3,7
2024-10-10,0,2,8
2024-10-11,0,1,9
2024-10-12,1,0,10
2024-10-13,0,18,1
2024-10-14,0,17,2
2024-10-15,0,16,3
2024-10-16,0,15,4
2024-10-17,0,14,5
2024-10-18,0,13,6
2024-10-19,0,12,7
2024-10-20,0,11,8
2024-10-21,0,10,9
2024-10-22,0,9,10
2024-10-23,0,8,11
2024-10-24,0,7,12
2024-10-25,0,6,13
2024-10-26,0,5,14
2024-10-27,0,4,15
2024-10-28,0,3,16
2024-10-29,0,2,17
2024-10-30,0,1,18
2024-10-31,1,0,19
2024-11-01,1,0,1
2024-11-02,1,0,1
2024-11-03,0,4,1
2024-11-04,0,3,2
2024-11-05,0,2,3
2024-11-06,0,1,4
2024-11-07,1,0,5
2024-11-08,0,7,1
2024-11-09,0,6,2
2024-11-10,0,5,3
2024-11-11,0,4,4
2024-11-12,0,3,5
2024-11-13,0,2,6
2024-11-14,0,1,7
2024-11-15,1,0,8
2024-11-16,0,39,1
2024-11-17,0,38,2
2024-11-18,0,37,3
2024-11-19,0,36,4
2024-11-20,0,35,5
2024-11-21,0,34,6
2024-11-22,0,33,7
2024-11-23,0,32,8
2024-11-24,0,31,9
2024-11-25,0,30,10
2024-11-26,0,29,11
2024-11-27,0,28,12
2024-11-28,0,27,13
2024-11-29,0,26,14
2024-11-30,0,25,15
2024-12-01,0,24,16
2024-12-02,0,23,17
2024-12-03,0,22,18
2024-12-04,0,21,19
2024-12-05,0,20,20
2024-12-06,0,19,21
2024-12-07,0,18,22
2024-12-08,0,17,23
2024-12-09,0,16,24
2024-12-10,0,15,25
2024-12-11,0,14,26
2024-12-12,0,13,27
2024-12-13,0,12,28
2024-12-14,0,11,29
2024-12-15,0,10,30
2024-12-16,0,9,31
2024-12-17,0,8,32
2024-12-18,0,7,33
2024-12-19,0,6,34
2024-12-20,0,5,35
2024-12-21,0,4,36
2024-12-22,0,3,37
2024-12-23,0,2,38
2024-12-24,0,1,39
2024-12-25,1,0,40
2024-12-26,0,19,1
2024-12-27,0,18,2
2024-12-28,0,17,3
2024-12-29,0,16,4
2024-12-30,0,15,5
2024-12-31,0,14,6
2025-01-01,0,13,7
2025-01-02,0,12,8
2025-01-03,0,11,9
2025-01-04,0,10,10
2025-01-05,0,9,11
2025-01-06,0,8,12
2025-01-07,0,7,13
2025-01-08,0,6,14
2025-01-09,0,5,15
2025-01-10,0,4,16
2025-01-11,0,3,17
2025-01-12,0,2,18
2025-01-13,0,1,19
2025-01-14,1,0,20
2025-01-15,1,0,1
2025-01-16,1,0,1
2025-01-17,0,7,1
2025-01-18,0,6,2
2025-01-19,0,5,3
2025-01-20,0,4,4
2025-01-21,0,3,5
2025-01-22,0,2,6
2025-01-23,0,1,7
2025-01-24,1,0,8
2025-01-25,0,1,1
2025-01-26,1,0,2
2025-01-27,0,23,1
2025-01-28,0,22,2
2025-01-29,0,21,3
2025-01-30,0,20,4
2025-01-31,0,19,5
2025-02-01,0,18,6
2025-02-02,0,17,7
2025-02-03,0,16,8
2025-02-04,0,15,9
2025-02-05,0,14,10
2025-02-06,0,13,11
2025-02-07,0,12,12
2025-02-08,0,11,13
2025-02-09,0,10,14
2025-02-10,0,9,15
2025-02-11,0,8,16
2025-02-12,0,7,17
2025-02-13,0,6,18
2025-02-14,0,5,19
2025-02-15,0,4,20
2025-02-16,0,3,21
2025-02-17,0,2,22
2025-02-18,0,1,23
2025-02-19,1,0,24
2025-02-20,0,6,1
2025-02-21,0,5,2
2025-02-22,0,4,3
2025-02-23,0,3,4
2025-02-24,0,2,5
2025-02-25,0,1,6
2025-02-26,1,0,7
2025-02-27,0,15,1
2025-02-28,0,14,2
2025-03-01,0,13,3
2025-03-02,0,12,4
2025-03-03,0,11,5
2025-03-04,0,10,6
2025-03-05,0,9,7
2025-03-06,0,8,8
2025-03-07,0,7,9
2025-03-08,0,6,10
2025-03-09,0,5,11
2025-03-10,0,4,12
2025-03-11,0,3,13
2025-03-12,0,2,14
2025-03-13,0,1,15
2025-03-14,1,0,16
2025-03-15,0,15,1
2025-03-16,0,14,2
2025-03-17,0,13,3
2025-03-18,0,12,4
2025-03-19,0,11,5
2025-03-20,0,10,6
2025-03-21,0,9,7
2025-03-22,0,8,8
2025-03-23,0,7,9
2025-03-24,0,6,10
2025-03-25,0,5,11
2025-03-26,0,4,12
2025-03-27,0,3,13
2025-03-28,0,2,14
2025-03-29,0,1,15
2025-03-30,1,0,16
2025-03-31,1,0,1
2025-04-01,0,9,1
2025-04-02,0,8,2
2025-04-03,0,7,3
2025-04-04,0,6,4
2025-04-05,0,5,5
2025-04-06,0,4,6
2025-04-07,0,3,7
2025-04-08,0,2,8
2025-04-09,0,1,9
2025-04-10,1,0,10
2025-04-11,0,3,1
2025-04-12,0,2,2
2025-04-13,0,1,3
2025-04-14,1,0,4
2025-04-15,1,0,1
2025-04-16,0,2,1
2025-04-17,0,1,2
2025-04-18,1,0,3
2025-04-19,0,12,1
2025-04-20,0,11,2
2025-04-21,0,10,3
2025-04-22,0,9,4
2025-04-23,0,8,5
2025-04-24,0,7,6
2025-04-25,0,6,7
2025-04-26,0,5,8
2025-04-27,0,4,9
2025-04-28,0,3,10
2025-04-29,0,2,11
2025-04-30,0,1,12
2025-05-01,1,0,13
2025-05-02,0,7,1
2025-05-03,0,6,2
2025-05-04,0,5,3
2025-05-05,0,4,4
2025-05-06,0,3,5
2025-05-07,0,2,6
2025-05-08,0,1,7
2025-05-09,1,0,8
2025-05-10,0,2,1
2025-05-11,0,1,2
2025-05-12,1,0,3
2025-05-13,0,25,1
2025-05-14,0,24,2
2025-05-15,0,23,3
2025-05-16,0,22,4
2025-05-17,0,21,5
2025-05-18,0,20,6
2025-05-19,0,19,7
2025-05-20,0,18,8
2025-05-21,0,17,9
2025-05-22,0,16,10
2025-05-23,0,15,11
2025-05-24,0,14,12
2025-05-25,0,13,13
2025-05-26,0,12,14
2025-05-27,0,11,15
2025-05-28,0,10,16
2025-05-29,0,9,17
2025-05-30,0,8,18
2025-05-31,0,7,19
2025-06-01,0,6,20
2025-06-02,0,5,21
2025-06-03,0,4,22
2025-06-04,0,3,23
2025-06-05,0,2,24
2025-06-06,0,1,25
2025-06-07,1,0,26
2025-06-08,0,28,1
2025-06-09,0,27,2
2025-06-10,0,26,3
2025-06-11,0,25,4
2025-06-12,0,24,5
2025-06-13,0,23,6
2025-06-14,0,22,7
2025-06-15,0,21,8
2025-06-16,0,20,9
2025-06-17,0,19,10
2025-06-18,0,18,11
2025-06-19,0,17,12
2025-06-20,0,16,13
2025-06-21,0,15,14
2025-06-22,0,14,15
2025-06-23,0,13,16
2025-06-24,0,12,17
2025-06-25,0,11,18
2025-06-26,0,10,19
2025-06-27,0,9,20
2025-06-28,0,8,21
2025-06-29,0,7,22
2025-06-30,0,6,23
2025-07-01,0,5,24
2025-07-02,0,4,25
2025-07-03,0,3,26
2025-07-04,0,2,27
2025-07-05,0,1,28
2025-07-06,1,0,29
2025-07-07,0,39,1
2025-07-08,0,38,2
2025-07-09,0,37,3
2025-07-10,0,36,4
2025-07-11,0,35,5
2025-07-12,0,34,6
2025-07-13,0,33,7
2025-07-14,0,32,8
2025-07-15,0,31,9
2025-07-16,0,30,10
2025-07-17,0,29,11
2025-07-18,0,28,12
2025-07-19,0,27,13
2025-07-20,0,26,14
2025-07-21,0,25,15
2025-07-22,0,24,16
2025-07-23,0,23,17
2025-07-24,0,22,18
2025-07-25,0,21,19
2025-07-26,0,20,20
2025-07-27,0,19,21
2025-07-28,0,18,22
2025-07-29,0,17,23
2025-07-30,0,16,24
2025-07-31,0,15,25
2025-08-01,0,14,26
2025-08-02,0,13,27
2025-08-03,0,12,28
2025-08-04,0,11,29
2025-08-05,0,10,30
2025-08-06,0,9,31
2025-08-07,0,8,32
2025-08-08,0,7,33
2025-08-09,0,6,34
2025-08-10,0,5,35
2025-08-11,0,4,36
2025-08-12,0,3,37
2025-08-13,0,2,38
2025-08-14,0,1,39
2025-08-15,1,0,40
2025-08-16,1,0,1
2025-08-17,0,10,1
2025-08-18,0,9,2
2025-08-19,0,8,3
2025-08-20,0,7,4
2025-08-21,0,6,5
2025-08-22,0,5,6
2025-08-23,0,4,7
2025-08-24,0,3,8
2025-08-25,0,2,9
2025-08-26,0,1,10
2025-08-27,1,0,11
2025-08-28,0,8,1
2025-08-29,0,7,2
2025-08-30,0,6,3
2025-08-31,0,5,4
2025-09-01,0,4,5
2025-09-02,0,3,6
2025-09-03,0,2,7
2025-09-04,0,1,8
2025-09-05,1,0,9
2025-09-06,0,26,1
2025-09-07,0,25,2
2025-09-08,0,24,3
2025-09-09,0,23,4
2025-09-10,0,22,5
2025-09-11,0,21,6
2025-09-12,0,20,7
2025-09-13,0,19,8
2025-09-14,0,18,9
2025-09-15,0,17,10
2025-09-16,0,16,11
2025-09-17,0,15,12
2025-09-18,0,14,13
2025-09-19,0,13,14
2025-09-20,0,12,15
2025-09-21,0,11,16
2025-09-22,0,10,17
2025-09-23,0,9,18
2025-09-24,0,8,19
2025-09-25,0,7,20
2025-09-26,0,6,21
2025-09-27,0,5,22
2025-09-28,0,4,23
2025-09-29,0,3,24
2025-09-30,0,2,25
2025-10-01,0,1,26
2025-10-02,1,0,27
2025-10-03,0,17,1
2025-10-04,0,16,2
2025-10-05,0,15,3
2025-10-06,0,14,4
2025-10-07,0,13,5
2025-10-08,0,12,6
2025-10-09,0,11,7
2025-10-10,0,10,8
2025-10-11,0,9,9
2025-10-12,0,8,10
2025-10-13,0,7,11
2025-10-14,0,6,12
2025-10-15,0,5,13
2025-10-16,0,4,14
2025-10-17,0,3,15
2025-10-18,0,2,16
2025-10-19,0,1,17
2025-10-20,1,0,18
2025-10-21,0,1,1
2025-10-22,1,0,2
2025-10-23,0,5,1
2025-10-24,0,4,2
2025-10-25,0,3,3
2025-10-26,0,2,4
2025-10-27,0,1,5
2025-10-28,1,0,6
2025-10-29,0,2,1
2025-10-30,0,1,2
2025-10-31,1,0,3
2025-11-01,1,0,1
2025-11-02,0,3,1
2025-11-03,0,2,2
2025-11-04,0,1,3
2025-11-05,1,0,4
2025-11-06,0,49,1
2025-11-07,0,48,2
2025-11-08,0,47,3
2025-11-09,0,46,4
2025-11-10,0,45,5
2025-11-11,0,44,6
2025-11-12,0,43,7
2025-11-13,0,42,8
2025-11-14,0,41,9
2025-11-15,0,40,10
2025-11-16,0,39,11
2025-11-17,0,38,12
2025-11-18,0,37,13
2025-11-19,0,36,14
2025-11-20,0,35,15
2025-11-21,0,34,16
2025-11-22,0,33,17
2025-11-23,0,32,18
2025-11-24,0,31,19
2025-11-25,0,30,20
2025-11-26,0,29,21
2025-11-27,0,28,22
2025-11-28,0,27,23
2025-11-29,0,26,24
2025-11-30,0,25,25
2025-12-01,0,24,26
2025-12-02,0,23,27
2025-12-03,0,22,28
2025-12-04,0,21,29
2025-12-05,0,20,30
2025-12-06,0,19,31
2025-12-07,0,18,32
2025-12-08,0,17,33
2025-12-09,0,16,34
2025-12-10,0,15,35
2025-12-11,0,14,36
2025-12-12,0,13,37
2025-12-13,0,12,38
2025-12-14,0,11,39
2025-12-15,0,10,40
2025-12-16,0,9,41
2025-12-17,0,8,42
2025-12-18,0,7,43
2025-12-19,0,6,44
2025-12-20,0,5,45
2025-12-21,0,4,46
2025-12-22,0,3,47
2025-12-23,0,2,48
2025-12-24,0,1,49
2025-12-25,1,0,50
2025-12-26,0,19,1
2025-12-27,0,18,2
2025-12-28,0,17,3
2025-12-29,0,16,4
2025-12-30,0,15,5
2025-12-31,0,14,6
2026-01-01,0,13,7
2026-01-02,0,12,8
2026-01-03,0,11,9
2026-01-04,0,10,10
2026-01-05,0,9,11
2026-01-06,0,8,12
2026-01-07,0,7,13
2026-01-08,0,6,14
2026-01-09,0,5,15
2026-01-10,0,4,16
2026-01-11,0,3,17
2026-01-12,0,2,18
2026-01-13,0,1,19
2026-01-14,1,0,20
2026-01-15,1,0,1
2026-01-16,1,0,1
2026-01-17,0,7,1
2026-01-18,0,6,2
2026-01-19,0,5,3
2026-01-20,0,4,4
2026-01-21,0,3,5
2026-01-22,0,2,6
2026-01-23,0,1,7
2026-01-24,1,0,8
2026-01-25,0,1,1
2026-01-26,1,0,2
2026-01-27,0,23,1
2026-01-28,0,22,2
2026-01-29,0,21,3
2026-01-30,0,20,4
2026-01-31,0,19,5
2026-02-01,0,18,6
2026-02-02,0,17,7
2026-02-03,0,16,8
2026-02-04,0,15,9
2026-02-05,0,14,10
2026-02-06,0,13,11
2026-02-07,0,12,12
2026-02-08,0,11,13
2026-02-09,0,10,14
2026-02-10,0,9,15
2026-02-11,0,8,16
2026-02-12,0,7,17
2026-02-13,0,6,18
2026-02-14,0,5,19
2026-02-15,0,4,20
2026-02-16,0,3,21
2026-02-17,0,2,22
2026-02-18,0,1,23
2026-02-19,1,0,24
2026-02-20,0,11,1
2026-02-21,0,10,2
2026-02-22,0,9,3
2026-02-23,0,8,4
2026-02-24,0,7,5
2026-02-25,0,6,6
2026-02-26,0,5,7
2026-02-27,0,4,8
2026-02-28,0,3,9
2026-03-01,0,2,10
2026-03-02,0,1,11
2026-03-03,1,0,12
2026-03-04,1,0,1
2026-03-05,0,14,1
2026-03-06,0,13,2
2026-03-07,0,12,3
2026-03-08,0,11,4
2026-03-09,0,10,5
2026-03-10,0,9,6
2026-03-11,0,8,7
2026-03-12,0,7,8
2026-03-13,0,6,9
2026-03-14,0,5,10
2026-03-15,0,4,11
2026-03-16,0,3,12
2026-03-17,0,2,13
2026-03-18,0,1,14
2026-03-19,1,0,15
2026-03-20,0,1,1
2026-03-21,1,0,2
2026-03-22,0,4,1
2026-03-23,0,3,2
2026-03-24,0,2,3
2026-03-25,0,1,4
2026-03-26,1,0,5
2026-03-27,0,4,1
2026-03-28,0,3,2
2026-03-29,0,2,3
2026-03-30,0,1,4
2026-03-31,1,0,5
2026-04-01,0,2,1
2026-04-02,0,1,2
2026-04-03,1,0,3
2026-04-04,0,10,1
2026-04-05,0,9,2
2026-04-06,0,8,3
2026-04-07,0,7,4
2026-04-08,0,6,5
2026-04-09,0,5,6
2026-04-10,0,4,7
2026-04-11,0,3,8
2026-04-12,0,2,9
2026-04-13,0,1,10
2026-04-14,1,0,11
2026-04-15,1,0,1
2026-04-16,0,15,1
2026-04-17,0,14,2
2026-04-18,0,13,3
2026-04-19,0,12,4
2026-04-20,0,11,5
2026-04-21,0,10,6
2026-04-22,0,9,7
2026-04-23,0,8,8
2026-04-24,0,7,9
2026-04-25,0,6,10
2026-04-26,0,5,11
2026-04-27,0,4,12
2026-04-28,0,3,13
2026-04-29,0,2,14
2026-04-30,0,1,15
2026-05-01,1,0,16
2026-05-02,0,7,1
2026-05-03,0,6,2
2026-05-04,0,5,3
2026-05-05,0,4,4
2026-05-06,0,3,5
2026-05-07,0,2,6
2026-05-08,0,1,7
2026-05-09,1,0,8
2026-05-10,0,17,1
2026-05-11,0,16,2
2026-05-12,0,15,3
2026-05-13,0,14,4
2026-05-14,0,13,5
2026-05-15,0,12,6
2026-05-16,0,11,7
2026-05-17,0,10,8
2026-05-18,0,9,9
2026-05-19,0,8,10
2026-05-20,0,7,11
2026-05-21,0,6,12
2026-05-22,0,5,13
2026-05-23,0,4,14
2026-05-24,0,3,15
2026-05-25,0,2,16
2026-05-26,0,1,17
2026-05-27,1,0,18
2026-05-28,0,29,1
2026-05-29,0,28,2
2026-05-30,0,27,3
2026-05-31,0,26,4
2026-06-01,0,25,5
2026-06-02,0,24,6
2026-06-03,0,23,7
2026-06-04,0,22,8
2026-06-05,0,21,9
2026-06-06,0,20,10
2026-06-07,0,19,11
2026-06-08,0,18,12
2026-06-09,0,17,13
2026-06-10,0,16,14
2026-06-11,0,15,15
2026-06-12,0,14,16
2026-06-13,0,13,17
2026-06-14,0,12,18
2026-06-15,0,11,19
2026-06-16,0,10,20
2026-06-17,0,9,21
2026-06-18,0,8,22
2026-06-19,0,7,23
2026-06-20,0,6,24
2026-06-21,0,5,25
2026-06-22,0,4,26
2026-06-23,0,3,27
2026-06-24,0,2,28
2026-06-25,0,1,29
2026-06-26,1,0,30
2026-06-27,0,49,1
2026-06-28,0,48,2
2026-06-29,0,47,3
2026-06-30,0,46,4
2026-07-01,0,45,5
2026-07-02,0,44,6
2026-07-03,0,43,7
2026-07-04,0,42,8
2026-07-05,0,41,9
2026-07-06,0,40,10
2026-07-07,0,39,11
2026-07-08,0,38,12
2026-07-09,0,37,13
2026-07-10,0,36,14
2026-07-11,0,35,15
2026-07-12,0,34,16
2026-07-13,0,33,17
2026-07-14,0,32,18
2026-07-15,0,31,19
2026-07-16,0,30,20
2026-07-17,0,29,21
2026-07-18,0,28,22
2026-07-19,0,27,23
2026-07-20,0,26,24
2026-07-21,0,25,25
2026-07-22,0,24,26
2026-07-23,0,23,27
2026-07-24,0,22,28
2026-07-25,0,21,29
2026-07-26,0,20,30
2026-07-27,0,19,31
2026-07-28,0,18,32
2026-07-29,0,17,33
2026-07-30,0,16,34
2026-07-31,0,15,35
2026-08-01,0,14,36
2026-08-02,0,13,37
2026-08-03,0,12,38
2026-08-04,0,11,39
2026-08-05,0,10,40
2026-08-06,0,9,41
2026-08-07,0,8,42
2026-08-08,0,7,43
2026-08-09,0,6,44
2026-08-10,0,5,45
2026-08-11,0,4,46
2026-08-12,0,3,47
2026-08-13,0,2,48
2026-08-14,0,1,49
2026-08-15,1,0,50
2026-08-16,0,10,1
2026-08-17,0,9,2
2026-08-18,0,8,3
2026-08-19,0,7,4
2026-08-20,0,6,5
2026-08-21,0,5,6
2026-08-22,0,4,7
2026-08-23,0,3,8
2026-08-24,0,2,9
2026-08-25,0,1,10
2026-08-26,1,0,11
2026-08-27,0,8,1
2026-08-28,0,7,2
2026-08-29,0,6,3
2026-08-30,0,5,4
2026-08-31,0,4,5
2026-09-01,0,3,6
2026-09-02,0,2,7
2026-09-03,0,1,8
2026-09-04,1,0,9
2026-09-05,0,9,1
2026-09-06,0,8,2
2026-09-07,0,7,3
2026-09-08,0,6,4
2026-09-09,0,5,5
2026-09-10,0,4,6
2026-09-11,0,3,7
2026-09-12,0,2,8
2026-09-13,0,1,9
2026-09-14,1,0,10
2026-09-15,0,17,1
2026-09-16,0,16,2
2026-09-17,0,15,3
2026-09-18,0,14,4
2026-09-19,0,13,5
2026-09-20,0,12,6
2026-09-21,0,11,7
2026-09-22,0,10,8
2026-09-23,0,9,9
2026-09-24,0,8,10
2026-09-25,0,7,11
2026-09-26,0,6,12
2026-09-27,0,5,13
2026-09-28,0,4,14
2026-09-29,0,3,15
2026-09-30,0,2,16
2026-10-01,0,1,17
2026-10-02,1,0,18
2026-10-03,0,17,1
2026-10-04,0,16,2
2026-10-05,0,15,3
2026-10-06,0,14,4
2026-10-07,0,13,5
2026-10-08,0,12,6
2026-10-09,0,11,7
2026-10-10,0,10,8
2026-10-11,0,9,9
2026-10-12,0,8,10
2026-10-13,0,7,11
2026-10-14,0,6,12
2026-10-15,0,5,13
2026-10-16,0,4,14
2026-10-17,0,3,15
2026-10-18,0,2,16
2026-10-19,0,1,17
2026-10-20,1,0,18
2026-10-21,0,10,1
2026-10-22,0,9,2
2026-10-23,0,8,3
2026-10-24,0,7,4
2026-10-25,0,6,5
2026-10-26,0,5,6
2026-10-27,0,4,7
2026-10-28,0,3,8
2026-10-29,0,2,9
2026-10-30,0,1,10
2026-10-31,1,0,11
2026-11-01,1,0,1
2026-11-02,0,6,1
2026-11-03,0,5,2
2026-11-04,0,4,3
2026-11-05,0,3,4
2026-11-06,0,2,5
2026-11-07,0,1,6
2026-11-08,1,0,7
2026-11-09,0,1,1
2026-11-10,1,0,2
2026-11-11,0,4,1
2026-11-12,0,3,2
2026-11-13,0,2,3
2026-11-14,0,1,4
2026-11-15,1,0,5
2026-11-16,0,8,1
2026-11-17,0,7,2
2026-11-18,0,6,3
2026-11-19,0,5,4
2026-11-20,0,4,5
2026-11-21,0,3,6
2026-11-22,0,2,7
2026-11-23,0,1,8
2026-11-24,1,0,9
2026-11-25,0,30,1
2026-11-26,0,29,2
2026-11-27,0,28,3
2026-11-28,0,27,4
2026-11-29,0,26,5
2026-11-30,0,25,6
2026-12-01,0,24,7
2026-12-02,0,23,8
2026-12-03,0,22,9
2026-12-04,0,21,10
2026-12-05,0,20,11
2026-12-06,0,19,12
2026-12-07,0,18,13
2026-12-08,0,17,14
2026-12-09,0,16,15
2026-12-10,0,15,16
2026-12-11,0,14,17
2026-12-12,0,13,18
2026-12-13,0,12,19
2026-12-14,0,11,20
2026-12-15,0,10,21
2026-12-16,0,9,22
2026-12-17,0,8,23
2026-12-18,0,7,24
2026-12-19,0,6,25
2026-12-20,0,5,26
2026-12-21,0,4,27
2026-12-22,0,3,28
2026-12-23,0,2,29
2026-12-24,0,1,30
2026-12-25,1,0,31
2026-12-26,0,20,1
2026-12-27,0,19,2
2026-12-28,0,18,3
2026-12-29,0,17,4
2026-12-30,0,16,5
2026-12-31,0,15,6
2027-01-01,0,14,7
2027-01-02,0,13,8
2027-01-03,0,12,9
2027-01-04,0,11,10
2027-01-05,0,10,11
2027-01-06,0,9,12
2027-01-07,0,8,13
2027-01-08,0,7,14
2027-01-09,0,6,15
2027-01-10,0,5,16
2027-01-11,0,4,17
2027-01-12,0,3,18
2027-01-13,0,2,19
2027-01-14,0,1,20
2027-01-15,1,0,21
2027-01-16,1,0,1
2027-01-17,1,0,1
2027-01-18,0,6,1
2027-01-19,0,5,2
2027-01-20,0,4,3
2027-01-21,0,3,4
2027-01-22,0,2,5
2027-01-23,0,1,6
2027-01-24,1,0,7
2027-01-25,0,1,1
2027-01-26,1,0,2
2027-01-27,0,23,1
2027-01-28,0,22,2
2027-01-29,0,21,3
2027-01-30,0,20,4
2027-01-31,0,19,5
2027-02-01,0,18,6
2027-02-02,0,17,7
2027-02-03,0,16,8
2027-02-04,0,15,9
2027-02-05,0,14,10
2027-02-06,0,13,11
2027-02-07,0,12,12
2027-02-08,0,11,13
2027-02-09,0,10,14
2027-02-10,0,9,15
2027-02-11,0,8,16
2027-02-12,0,7,17
2027-02-13,0,6,18
2027-02-14,0,5,19
2027-02-15,0,4,20
2027-02-16,0,3,21
2027-02-17,0,2,22
2027-02-18,0,1,23
2027-02-19,1,0,24
2027-02-20,0,14,1
2027-02-21,0,13,2
2027-02-22,0,12,3
2027-02-23,0,11,4
2027-02-24,0,10,5
2027-02-25,0,9,6
2027-02-26,0,8,7
2027-02-27,0,7,8
2027-02-28,0,6,9
2027-03-01,0,5,10
2027-03-02,0,4,11
2027-03-03,0,3,12
2027-03-04,0,2,13
2027-03-05,0,1,14
2027-03-06,1,0,15
2027-03-07,0,3,1
2027-03-08,0,2,2
2027-03-09,0,1,3
2027-03-10,1,0,4
2027-03-11,0,11,1
2027-03-12,0,10,2
2027-03-13,0,9,3
2027-03-14,0,8,4
2027-03-15,0,7,5
2027-03-16,0,6,6
2027-03-17,0,5,7
2027-03-18,0,4,8
2027-03-19,0,3,9
2027-03-20,0,2,10
2027-03-21,0,1,11
2027-03-22,1,0,12
2027-03-23,0,3,1
2027-03-24,0,2,2
2027-03-25,0,1,3
2027-03-26,1,0,4
2027-03-27,0,11,1
2027-03-28,0,10,2
2027-03-29,0,9,3
2027-03-30,0,8,4
2027-03-31,0,7,5
2027-04-01,0,6,6
2027-04-02,0,5,7
2027-04-03,0,4,8
2027-04-04,0,3,9
2027-04-05,0,2,10
2027-04-06,0,1,11
2027-04-07,1,0,12
2027-04-08,0,6,1
2027-04-09,0,5,2
2027-04-10,0,4,3
2027-04-11,0,3,4
2027-04-12,0,2,5
2027-04-13,0,1,6
2027-04-14,1,0,7
2027-04-15,1,0,1
2027-04-16,0,2,1
2027-04-17,0,1,2
2027-04-18,1,0,3
2027-04-19,0,12,1
2027-04-20,0,11,2
2027-04-21,0,10,3
2027-04-22,0,9,4
2027-04-23,0,8,5
2027-04-24,0,7,6
2027-04-25,0,6,7
2027-04-26,0,5,8
2027-04-27,0,4,9
2027-04-28,0,3,10
2027-04-29,0,2,11
2027-04-30,0,1,12
2027-05-01,1,0,13
2027-05-02,0,7,1
2027-05-03,0,6,2
2027-05-04,0,5,3
2027-05-05,0,4,4
2027-05-06,0,3,5
2027-05-07,0,2,6
2027-05-08,0,1,7
2027-05-09,1,0,8
2027-05-10,0,7,1
2027-05-11,0,6,2
2027-05-12,0,5,3
2027-05-13,0,4,4
2027-05-14,0,3,5
2027-05-15,0,2,6
2027-05-16,0,1,7
2027-05-17,1,0,8
2027-05-18,0,2,1
2027-05-19,0,1,2
2027-05-20,1,0,3
2027-05-21,0,26,1
2027-05-22,0,25,2
2027-05-23,0,24,3
2027-05-24,0,23,4
2027-05-25,0,22,5
2027-05-26,0,21,6
2027-05-27,0,20,7
2027-05-28,0,19,8
2027-05-29,0,18,9
2027-05-30,0,17,10
2027-05-31,0,16,11
2027-06-01,0,15,12
2027-06-02,0,14,13
2027-06-03,0,13,14
2027-06-04,0,12,15
2027-06-05,0,11,16
2027-06-06,0,10,17
2027-06-07,0,9,18
2027-06-08,0,8,19
2027-06-09,0,7,20
2027-06-10,0,6,21
2027-06-11,0,5,22
2027-06-12,0,4,23
2027-06-13,0,3,24
2027-06-14,0,2,25
2027-06-15,0,1,26
2027-06-16,1,0,27
2027-06-17,0,59,1
2027-06-18,0,58,2
2027-06-19,0,57,3
2027-06-20,0,56,4
2027-06-21,0,55,5
2027-06-22,0,54,6
2027-06-23,0,53,7
2027-06-24,0,52,8
2027-06-25,0,51,9
2027-06-26,0,50,10
2027-06-27,0,49,11
2027-06-28,0,48,12
2027-06-29,0,47,13
2027-06-30,0,46,14
2027-07-01,0,45,15
2027-07-02,0,44,16
2027-07-03,0,43,17
2027-07-04,0,42,18
2027-07-05,0,41,19
2027-07-06,0,40,20
2027-07-07,0,39,21
2027-07-08,0,38,22
2027-07-09,0,37,23
2027-07-10,0,36,24
2027-07-11,0,35,25
2027-07-12,0,34,26
2027-07-13,0,33,27
2027-07-14,0,32,28
2027-07-15,0,31,29
2027-07-16,0,30,30
2027-07-17,0,29,31
2027-07-18,0,28,32
2027-07-19,0,27,33
2027-07-20,0,26,34
2027-07-21,0,25,35
2027-07-22,0,24,36
2027-07-23,0,23,37
2027-07-24,0,22,38
2027-07-25,0,21,39
2027-07-26,0,20,40
2027-07-27,0,19,41
2027-07-28,0,18,42
2027-07-29,0,17,43
2027-07-30,0,16,44
2027-07-31,0,15,45
2027-08-01,0,14,46
2027-08-02,0,13,47
2027-08-03,0,12,48
2027-08-04,0,11,49
2027-08-05,0,10,50
2027-08-06,0,9,51
2027-08-07,0,8,52
2027-08-08,0,7,53
2027-08-09,0,6,54
2027-08-10,0,5,55
2027-08-11,0,4,56
2027-08-12,0,3,57
2027-08-13,0,2,58
2027-08-14,0,1,59
2027-08-15,1,0,60
2027-08-16,0,9,1
2027-08-17,0,8,2
2027-08-18,0,7,3
2027-08-19,0,6,4
2027-08-20,0,5,5
2027-08-21,0,4,6
2027-08-22,0,3,7
2027-08-23,0,2,8
2027-08-24,0,1,9
2027-08-25,1,0,10
2027-08-26,0,9,1
2027-08-27,0,8,2
2027-08-28,0,7,3
2027-08-29,0,6,4
2027-08-30,0,5,5
2027-08-31,0,4,6
2027-09-01,0,3,7
2027-09-02,0,2,8
2027-09-03,0,1,9
2027-09-04,1,0,10
2027-09-05,0,7,1
2027-09-06,0,6,2
2027-09-07,0,5,3
2027-09-08,0,4,4
2027-09-09,0,3,5
2027-09-10,0,2,6
2027-09-11,0,1,7
2027-09-12,1,0,8
2027-09-13,0,19,1
2027-09-14,0,18,2
2027-09-15,0,17,3
2027-09-16,0,16,4
2027-09-17,0,15,5
2027-09-18,0,14,6
2027-09-19,0,13,7
2027-09-20,0,12,8
2027-09-21,0,11,9
2027-09-22,0,10,10
2027-09-23,0,9,11
2027-09-24,0,8,12
2027-09-25,0,7,13
2027-09-26,0,6,14
2027-09-27,0,5,15
2027-09-28,0,4,16
2027-09-29,0,3,17
2027-09-30,0,2,18
2027-10-01,0,1,19
2027-10-02,1,0,20
2027-10-03,0,6,1
2027-10-04,0,5,2
2027-10-05,0,4,3
2027-10-06,0,3,4
2027-10-07,0,2,5
2027-10-08,0,1,6
2027-10-09,1,0,7
2027-10-10,0,19,1
2027-10-11,0,18,2
2027-10-12,0,17,3
2027-10-13,0,16,4
2027-10-14,0,15,5
2027-10-15,0,14,6
2027-10-16,0,13,7
2027-10-17,0,12,8
2027-10-18,0,11,9
2027-10-19,0,10,10
2027-10-20,0,9,11
2027-10-21,0,8,12
2027-10-22,0,7,13
2027-10-23,0,6,14
2027-10-24,0,5,15
2027-10-25,0,4,16
2027-10-26,0,3,17
2027-10-27,0,2,18
2027-10-28,0,1,19
2027-10-29,1,0,20
2027-10-30,1,0,1
2027-10-31,1,0,1
2027-11-01,1,0,1
2027-11-02,0,2,1
2027-11-03,0,1,2
2027-11-04,1,0,3
2027-11-05,0,9,1
2027-11-06,0,8,2
2027-11-07,0,7,3
2027-11-08,0,6,4
2027-11-09,0,5,5
2027-11-10,0,4,6
2027-11-11,0,3,7
2027-11-12,0,2,8
2027-11-13,0,1,9
2027-11-14,1,0,10
2027-11-15,0,40,1
2027-11-16,0,39,2
2027-11-17,0,38,3
2027-11-18,0,37,4
2027-11-19,0,36,5
2027-11-20,0,35,6
2027-11-21,0,34,7
2027-11-22,0,33,8
2027-11-23,0,32,9
2027-11-24,0,31,10
2027-11-25,0,30,11
2027-11-26,0,29,12
2027-11-27,0,28,13
2027-11-28,0,27,14
2027-11-29,0,26,15
2027-11-30,0,25,16
2027-12-01,0,24,17
2027-12-02,0,23,18
2027-12-03,0,22,19
2027-12-04,0,21,20
2027-12-05,0,20,21
2027-12-06,0,19,22
2027-12-07,0,18,23
2027-12-08,0,17,24
2027-12-09,0,16,25
2027-12-10,0,15,26
2027-12-11,0,14,27
2027-12-12,0,13,28
2027-12-13,0,12,29
2027-12-14,0,11,30
2027-12-15,0,10,31
2027-12-16,0,9,32
2027-12-17,0,8,33
2027-12-18,0,7,34
2027-12-19,0,6,35
2027-12-20,0,5,36
2027-12-21,0,4,37
2027-12-22,0,3,38
2027-12-23,0,2,39
2027-12-24,0,1,40
2027-12-25,1,0,41
2027-12-26,0,-1,1
2027-12-27,0,-1,2
2027-12-28,0,-1,3
2027-12-29,0,-1,4
2027-12-30,0,-1,5
2027-12-31,0,-1,6
