date,festival,festival_type,is_national_holiday,observed_in
2019-01-15,Pongal,religious_hindu,False,TN
2019-01-15,Uttarayan,other_holiday,False,GJ
2019-01-16,Thiruvalluvar Day / Mattu Pongal,religious_hindu,False,TN
2019-01-17,Uzhavar Thirunal,other_holiday,False,TN
2019-01-24,UP Formation Day,other_holiday,False,UP
2019-01-26,Republic Day,national_civic,True,"DL,GJ,IN,KA,KL,MH,TN,UP,WB"
2019-02-19,Chhatrapati Shivaji Maharaj Jayanti,other_holiday,False,MH
2019-03-04,Maha Shivaratri,other_holiday,True,"DL,GJ,IN,KA,KL,MH,TN,UP,WB"
2019-03-21,Holi,religious_hindu,True,"DL,GJ,IN,KA,KL,MH,TN,UP,WB"
2019-04-06,Gudi Padwa,religious_hindu,False,MH
2019-04-06,Ugadi,religious_hindu,False,KA
2019-04-13,Ram Navami,religious_hindu,True,"DL,GJ,IN,KA,KL,MH,TN,UP,WB"
2019-04-14,Dr. B. R. Ambedkar's Birthday,other_holiday,True,"DL,GJ,IN,KA,KL,MH,UP,WB"
2019-04-14,Dr. B. R. Ambedkar's Birthday; Puthandu (Tamil New Year),other_holiday,True,TN
2019-04-15,Pohela Boishakh,other_holiday,False,WB
2019-04-17,Mahavira's Birthday,religious_jain,True,"DL,GJ,IN,KA,KL,MH,TN,UP,WB"
2019-04-19,Good Friday,religious_christian,True,"DL,GJ,IN,KA,KL,MH,TN,UP,WB"
2019-05-01,Gujarat Day,other_holiday,False,GJ
2019-05-01,Maharashtra Day,other_holiday,False,MH
2019-05-09,Rabindra Jayanti,other_holiday,False,WB
2019-05-18,Buddha Purnima,religious_buddhist,True,"DL,GJ,IN,KA,KL,MH,TN,UP,WB"
2019-06-05,Eid al-Fitr,religious_islamic,True,"DL,GJ,IN,KA,KL,MH,TN,UP,WB"
2019-08-12,Eid al-Adha,religious_islamic,True,"DL,GJ,IN,KA,KL,MH,TN,UP,WB"
2019-08-15,Independence Day,national_civic,True,"DL,GJ,IN,KA,KL,MH,TN,UP,WB"
2019-08-17,Parsi New Year (Shahenshahi),other_holiday,False,"GJ,MH"
2019-08-24,Janmashtami (Vaishnava),religious_hindu,True,"DL,GJ,IN,KA,KL,MH,TN,UP,WB"
2019-09-02,Ganesh Chaturthi,religious_hindu,False,MH
2019-09-10,Ashura,religious_islamic,True,"DL,GJ,IN,KA,KL,MH,TN,UP,WB"
2019-09-11,Onam,religious_hindu,False,KL
2019-10-02,Mahatma Gandhi's Birthday,national_civic,True,"DL,GJ,IN,KA,KL,MH,TN,UP,WB"
2019-10-08,Dussehra,religious_hindu,True,"DL,GJ,IN,KA,KL,MH,TN,UP,WB"
2019-10-27,Diwali (Deepavali),religious_hindu,True,"DL,GJ,IN,KA,KL,MH,TN,UP,WB"
2019-10-28,Gujarati New Year,other_holiday,False,GJ
2019-10-31,Sardar Vallabhbhai Patel Jayanti,other_holiday,False,GJ
2019-11-01,Karnataka Rajyotsava,other_holiday,False,KA
2019-11-01,Kerala Foundation Day,other_holiday,False,KL
2019-11-02,Chhath Puja,religious_hindu,False,UP
2019-11-10,Prophet's Birthday,religious_islamic,True,"DL,GJ,IN,KA,KL,MH,TN,UP,WB"
2019-11-12,Guru Nanak's Birthday,religious_sikh,True,"DL,GJ,IN,KA,KL,MH,TN,UP,WB"
2019-12-25,Christmas,religious_christian,True,"DL,GJ,IN,KA,KL,MH,TN,UP,WB"
2020-01-15,Pongal,religious_hindu,False,TN
2020-01-15,Uttarayan,other_holiday,False,GJ
2020-01-16,Thiruvalluvar Day / Mattu Pongal,religious_hindu,False,TN
2020-01-17,Uzhavar Thirunal,other_holiday,False,TN
2020-01-24,UP Formation Day,other_holiday,False,UP
2020-01-26,Republic Day,national_civic,True,"DL,GJ,IN,KA,KL,MH,TN,UP,WB"
2020-02-19,Chhatrapati Shivaji Maharaj Jayanti,other_holiday,False,MH
2020-03-10,Holi,religious_hindu,True,"DL,GJ,IN,KA,KL,MH,TN,UP,WB"
2020-03-25,Gudi Padwa,religious_hindu,False,MH
2020-03-25,Ugadi,religious_hindu,False,KA
2020-04-02,Ram Navami,religious_hindu,True,"DL,GJ,IN,KA,KL,MH,TN,UP,WB"
2020-04-06,Mahavira's Birthday,religious_jain,True,"DL,GJ,IN,KA,KL,MH,TN,UP,WB"
2020-04-10,Good Friday,religious_christian,True,"DL,GJ,IN,KA,KL,MH,TN,UP,WB"
2020-04-14,Dr. B. R. Ambedkar's Birthday,other_holiday,True,"DL,GJ,IN,KA,KL,MH,UP,WB"
2020-04-14,Dr. B. R. Ambedkar's Birthday; Puthandu (Tamil New Year),other_holiday,True,TN
2020-04-15,Pohela Boishakh,other_holiday,False,WB
2020-05-01,Gujarat Day,other_holiday,False,GJ
2020-05-01,Maharashtra Day,other_holiday,False,MH
2020-05-07,Buddha Purnima,religious_buddhist,True,"DL,GJ,IN,KA,KL,MH,TN,UP,WB"
2020-05-09,Rabindra Jayanti,other_holiday,False,WB
2020-05-25,Eid al-Fitr,religious_islamic,True,"DL,GJ,IN,KA,KL,MH,TN,UP,WB"
2020-08-01,Eid al-Adha,religious_islamic,True,"DL,GJ,IN,KA,KL,MH,TN,UP,WB"
2020-08-12,Janmashtami (Vaishnava),religious_hindu,True,"DL,GJ,IN,KA,KL,MH,TN,UP,WB"
2020-08-15,Independence Day,national_civic,True,"DL,GJ,IN,KA,KL,MH,TN,UP,WB"
2020-08-16,Parsi New Year (Shahenshahi),other_holiday,False,"GJ,MH"
2020-08-22,Ganesh Chaturthi,religious_hindu,False,MH
2020-08-30,Ashura,religious_islamic,True,"DL,GJ,IN,KA,KL,MH,TN,UP,WB"
2020-08-31,Onam,religious_hindu,False,KL
2020-10-02,Mahatma Gandhi's Birthday,national_civic,True,"DL,GJ,IN,KA,KL,MH,TN,UP,WB"
2020-10-25,Dussehra,religious_hindu,True,"DL,GJ,IN,KA,KL,MH,TN,UP,WB"
2020-10-30,Prophet's Birthday,religious_islamic,True,"DL,GJ,IN,KA,KL,MH,TN,UP,WB"
2020-10-31,Sardar Vallabhbhai Patel Jayanti,other_holiday,False,GJ
2020-11-01,Karnataka Rajyotsava,other_holiday,False,KA
2020-11-01,Kerala Foundation Day,other_holiday,False,KL
2020-11-14,Diwali (Deepavali),religious_hindu,True,"DL,GJ,IN,KA,KL,MH,TN,UP,WB"
2020-11-16,Gujarati New Year,other_holiday,False,GJ
2020-11-20,Chhath Puja,religious_hindu,False,UP
2020-11-30,Guru Nanak's Birthday,religious_sikh,True,"DL,GJ,IN,KA,KL,MH,TN,UP,WB"
2020-12-25,Christmas,religious_christian,True,"DL,GJ,IN,KA,KL,MH,TN,UP,WB"
2021-01-14,Pongal,religious_hindu,False,TN
2021-01-14,Uttarayan,other_holiday,False,GJ
2021-01-15,Thiruvalluvar Day / Mattu Pongal,religious_hindu,False,TN
2021-01-16,Uzhavar Thirunal,other_holiday,False,TN
2021-01-24,UP Formation Day,other_holiday,False,UP
2021-01-26,Republic Day,national_civic,True,"DL,GJ,IN,KA,KL,MH,TN,UP,WB"
2021-02-19,Chhatrapati Shivaji Maharaj Jayanti,other_holiday,False,MH
2021-03-29,Holi,religious_hindu,True,"DL,GJ,IN,KA,KL,MH,TN,UP,WB"
2021-04-02,Good Friday,religious_christian,True,"DL,GJ,IN,KA,KL,MH,TN,UP,WB"
2021-04-13,Gudi Padwa,religious_hindu,False,MH
2021-04-13,Ugadi,religious_hindu,False,KA
2021-04-14,Dr. B. R. Ambedkar's Birthday,other_holiday,True,"DL,GJ,IN,KA,KL,MH,UP,WB"
2021-04-14,Dr. B. R. Ambedkar's Birthday; Puthandu (Tamil New Year),other_holiday,True,TN
2021-04-15,Pohela Boishakh,other_holiday,False,WB
2021-04-21,Ram Navami,religious_hindu,True,"DL,GJ,IN,KA,KL,MH,TN,UP,WB"
2021-04-25,Mahavira's Birthday,religious_jain,True,"DL,GJ,IN,KA,KL,MH,TN,UP,WB"
2021-05-01,Gujarat Day,other_holiday,False,GJ
2021-05-01,Maharashtra Day,other_holiday,False,MH
2021-05-09,Rabindra Jayanti,other_holiday,False,WB
2021-05-14,Eid al-Fitr,religious_islamic,True,"DL,GJ,IN,KA,KL,MH,TN,UP,WB"
2021-05-26,Buddha Purnima,religious_buddhist,True,"DL,GJ,IN,KA,KL,MH,TN,UP,WB"
2021-07-21,Eid al-Adha,religious_islamic,True,"DL,GJ,IN,KA,KL,MH,TN,UP,WB"
2021-08-15,Independence Day,national_civic,True,"DL,GJ,IN,KA,KL,MH,TN,UP,WB"
2021-08-16,Parsi New Year (Shahenshahi),other_holiday,False,"GJ,MH"
2021-08-19,Ashura,religious_islamic,True,"DL,GJ,IN,KA,KL,MH,TN,UP,WB"
2021-08-21,Onam,religious_hindu,False,KL
2021-08-30,Janmashtami (Vaishnava),religious_hindu,True,"DL,GJ,IN,KA,KL,MH,TN,UP,WB"
2021-09-10,Ganesh Chaturthi,religious_hindu,False,MH
2021-10-02,Mahatma Gandhi's Birthday,national_civic,True,"DL,GJ,IN,KA,KL,MH,TN,UP,WB"
2021-10-15,Dussehra,religious_hindu,True,"DL,GJ,IN,KA,KL,MH,TN,UP,WB"
2021-10-19,Prophet's Birthday,religious_islamic,True,"DL,GJ,IN,KA,KL,MH,TN,UP,WB"
2021-10-31,Sardar Vallabhbhai Patel Jayanti,other_holiday,False,GJ
2021-11-01,Karnataka Rajyotsava,other_holiday,False,KA
2021-11-01,Kerala Foundation Day,other_holiday,False,KL
2021-11-04,Diwali (Deepavali),religious_hindu,True,"DL,GJ,IN,KA,KL,MH,TN,UP,WB"
2021-11-05,Gujarati New Year,other_holiday,False,GJ
2021-11-10,Chhath Puja,religious_hindu,False,UP
2021-11-19,Guru Nanak's Birthday,religious_sikh,True,"DL,GJ,IN,KA,KL,MH,TN,UP,WB"
2021-12-25,Christmas,religious_christian,True,"DL,GJ,IN,KA,KL,MH,TN,UP,WB"
2022-01-14,Pongal,religious_hindu,False,TN
2022-01-14,Uttarayan,other_holiday,False,GJ
2022-01-15,Thiruvalluvar Day / Mattu Pongal,religious_hindu,False,TN
2022-01-16,Uzhavar Thirunal,other_holiday,False,TN
2022-01-24,UP Formation Day,other_holiday,False,UP
2022-01-26,Republic Day,national_civic,True,"DL,GJ,IN,KA,KL,MH,TN,UP,WB"
2022-02-19,Chhatrapati Shivaji Maharaj Jayanti,other_holiday,False,MH
2022-03-01,Maha Shivaratri,other_holiday,True,"DL,GJ,IN,KA,KL,MH,TN,UP,WB"
2022-03-18,Holi,religious_hindu,True,"DL,GJ,IN,KA,KL,MH,TN,UP,WB"
2022-04-02,Gudi Padwa,religious_hindu,False,MH
2022-04-02,Ugadi,religious_hindu,False,KA
2022-04-14,Dr. B. R. Ambedkar's Birthday; Mahavira's Birthday,religious_jain,True,"DL,GJ,IN,KA,KL,MH,UP,WB"
2022-04-14,Dr. B. R. Ambedkar's Birthday; Mahavira's Birthday; Puthandu (Tamil New Year),religious_jain,True,TN
2022-04-15,Good Friday,religious_christian,True,"DL,GJ,IN,KA,KL,MH,TN,UP"
2022-04-15,Good Friday; Pohela Boishakh,religious_christian,True,WB
2022-05-01,Gujarat Day,other_holiday,False,GJ
2022-05-01,Maharashtra Day,other_holiday,False,MH
2022-05-03,Eid al-Fitr,religious_islamic,True,"DL,GJ,IN,KA,KL,MH,TN,UP,WB"
2022-05-09,Rabindra Jayanti,other_holiday,False,WB
2022-05-16,Buddha Purnima,religious_buddhist,True,"DL,GJ,IN,KA,KL,MH,TN,UP,WB"
2022-07-10,Eid al-Adha,religious_islamic,True,"DL,GJ,IN,KA,KL,MH,TN,UP,WB"
2022-08-09,Ashura,religious_islamic,True,"DL,GJ,IN,KA,KL,MH,TN,UP,WB"
2022-08-15,Independence Day,national_civic,True,"DL,GJ,IN,KA,KL,MH,TN,UP,WB"
2022-08-16,Parsi New Year (Shahenshahi),other_holiday,False,"GJ,MH"
2022-08-19,Janmashtami (Vaishnava),religious_hindu,True,"DL,GJ,IN,KA,KL,MH,TN,UP,WB"
2022-08-31,Ganesh Chaturthi,religious_hindu,False,MH
2022-09-08,Onam,religious_hindu,False,KL
2022-10-02,Mahatma Gandhi's Birthday,national_civic,True,"DL,GJ,IN,KA,KL,MH,TN,UP,WB"
2022-10-05,Dussehra,religious_hindu,True,"DL,GJ,IN,KA,KL,MH,TN,UP,WB"
2022-10-09,Prophet's Birthday,religious_islamic,True,"DL,GJ,IN,KA,KL,MH,TN,UP,WB"
2022-10-24,Diwali (Deepavali),religious_hindu,True,"DL,GJ,IN,KA,KL,MH,TN,UP,WB"
2022-10-26,Gujarati New Year,other_holiday,False,GJ
2022-10-30,Chhath Puja,religious_hindu,False,UP
2022-10-31,Sardar Vallabhbhai Patel Jayanti,other_holiday,False,GJ
2022-11-01,Karnataka Rajyotsava,other_holiday,False,KA
2022-11-01,Kerala Foundation Day,other_holiday,False,KL
2022-11-08,Guru Nanak's Birthday,religious_sikh,True,"DL,GJ,IN,KA,KL,MH,TN,UP,WB"
2022-12-25,Christmas,religious_christian,True,"DL,GJ,IN,KA,KL,MH,TN,UP,WB"
2023-01-14,Uttarayan,other_holiday,False,GJ
2023-01-15,Pongal,religious_hindu,False,TN
2023-01-16,Thiruvalluvar Day / Mattu Pongal,religious_hindu,False,TN
2023-01-17,Uzhavar Thirunal,other_holiday,False,TN
2023-01-24,UP Formation Day,other_holiday,False,UP
2023-01-26,Republic Day,national_civic,True,"DL,GJ,IN,KA,KL,MH,TN,UP,WB"
2023-02-19,Chhatrapati Shivaji Maharaj Jayanti,other_holiday,False,MH
2023-03-08,Holi,religious_hindu,True,"DL,GJ,IN,KA,KL,MH,TN,UP,WB"
2023-03-22,Gudi Padwa,religious_hindu,False,MH
2023-03-22,Ugadi,religious_hindu,False,KA
2023-03-30,Ram Navami,religious_hindu,True,"DL,GJ,IN,KA,KL,MH,TN,UP,WB"
2023-04-04,Mahavira's Birthday,religious_jain,True,"DL,GJ,IN,KA,KL,MH,TN,UP,WB"
2023-04-07,Good Friday,religious_christian,True,"DL,GJ,IN,KA,KL,MH,TN,UP,WB"
2023-04-14,Dr. B. R. Ambedkar's Birthday,other_holiday,True,"DL,GJ,IN,KA,KL,MH,UP,WB"
2023-04-14,Dr. B. R. Ambedkar's Birthday; Puthandu (Tamil New Year),other_holiday,True,TN
2023-04-15,Pohela Boishakh,other_holiday,False,WB
2023-04-22,Eid al-Fitr,religious_islamic,True,"DL,GJ,IN,KA,KL,MH,TN,UP,WB"
2023-05-01,Gujarat Day,other_holiday,False,GJ
2023-05-01,Maharashtra Day,other_holiday,False,MH
2023-05-05,Buddha Purnima,religious_buddhist,True,"DL,GJ,IN,KA,KL,MH,TN,UP,WB"
2023-05-09,Rabindra Jayanti,other_holiday,False,WB
2023-06-29,Eid al-Adha,religious_islamic,True,"DL,GJ,IN,KA,KL,MH,TN,UP,WB"
2023-07-29,Ashura,religious_islamic,True,"DL,GJ,IN,KA,KL,MH,TN,UP,WB"
2023-08-15,Independence Day,national_civic,True,"DL,GJ,IN,KA,KL,MH,TN,UP,WB"
2023-08-16,Parsi New Year (Shahenshahi),other_holiday,False,"GJ,MH"
2023-08-29,Onam,religious_hindu,False,KL
2023-09-07,Janmashtami (Vaishnava),religious_hindu,True,"DL,GJ,IN,KA,KL,MH,TN,UP,WB"
2023-09-19,Ganesh Chaturthi,religious_hindu,False,MH
2023-09-28,Prophet's Birthday,religious_islamic,True,"DL,GJ,IN,KA,KL,MH,TN,UP,WB"
2023-10-02,Mahatma Gandhi's Birthday,national_civic,True,"DL,GJ,IN,KA,KL,MH,TN,UP,WB"
2023-10-24,Dussehra,religious_hindu,True,"DL,GJ,IN,KA,KL,MH,TN,UP,WB"
2023-10-31,Sardar Vallabhbhai Patel Jayanti,other_holiday,False,GJ
2023-11-01,Karnataka Rajyotsava,other_holiday,False,KA
2023-11-01,Kerala Foundation Day,other_holiday,False,KL
2023-11-12,Diwali (Deepavali),religious_hindu,True,"DL,GJ,IN,KA,KL,MH,TN,UP,WB"
2023-11-14,Gujarati New Year,other_holiday,False,GJ
2023-11-19,Chhath Puja,religious_hindu,False,UP
2023-11-27,Guru Nanak's Birthday,religious_sikh,True,"DL,GJ,IN,KA,KL,MH,TN,UP,WB"
2023-12-25,Christmas,religious_christian,True,"DL,GJ,IN,KA,KL,MH,TN,UP,WB"
2024-01-14,Uttarayan,other_holiday,False,GJ
2024-01-15,Pongal,religious_hindu,False,TN
2024-01-16,Thiruvalluvar Day / Mattu Pongal,religious_hindu,False,TN
2024-01-17,Uzhavar Thirunal,other_holiday,False,TN
2024-01-24,UP Formation Day,other_holiday,False,UP
2024-01-26,Republic Day,national_civic,True,"DL,GJ,IN,KA,KL,MH,TN,UP,WB"
2024-02-19,Chhatrapati Shivaji Maharaj Jayanti,other_holiday,False,MH
2024-03-25,Holi,religious_hindu,True,"DL,GJ,IN,KA,KL,MH,TN,UP,WB"
2024-03-29,Good Friday,religious_christian,True,"DL,GJ,IN,KA,KL,MH,TN,UP,WB"
2024-04-09,Gudi Padwa,religious_hindu,False,MH
2024-04-09,Ugadi,religious_hindu,False,KA
2024-04-11,Eid al-Fitr,religious_islamic,True,"DL,GJ,IN,KA,KL,MH,TN,UP,WB"
2024-04-14,Dr. B. R. Ambedkar's Birthday,other_holiday,True,"DL,GJ,IN,KA,KL,MH,UP,WB"
2024-04-14,Dr. B. R. Ambedkar's Birthday; Puthandu (Tamil New Year),other_holiday,True,TN
2024-04-15,Pohela Boishakh,other_holiday,False,WB
2024-04-17,Ram Navami,religious_hindu,True,"DL,GJ,IN,KA,KL,MH,TN,UP,WB"
2024-04-21,Mahavira's Birthday,religious_jain,True,"DL,GJ,IN,KA,KL,MH,TN,UP,WB"
2024-05-01,Gujarat Day,other_holiday,False,GJ
2024-05-01,Maharashtra Day,other_holiday,False,MH
2024-05-09,Rabindra Jayanti,other_holiday,False,WB
2024-05-23,Buddha Purnima,religious_buddhist,True,"DL,GJ,IN,KA,KL,MH,TN,UP,WB"
2024-06-17,Eid al-Adha,religious_islamic,True,"DL,GJ,IN,KA,KL,MH,TN,UP,WB"
2024-07-17,Ashura,religious_islamic,True,"DL,GJ,IN,KA,KL,MH,TN,UP,WB"
2024-08-15,Independence Day,national_civic,True,"DL,IN,KA,KL,TN,UP,WB"
2024-08-15,Independence Day; Parsi New Year (Shahenshahi),national_civic,True,"GJ,MH"
2024-08-26,Janmashtami (Vaishnava),religious_hindu,True,"DL,GJ,IN,KA,KL,MH,TN,UP,WB"
2024-09-07,Ganesh Chaturthi,religious_hindu,False,MH
2024-09-15,Onam,religious_hindu,False,KL
2024-09-16,Prophet's Birthday,religious_islamic,True,"DL,GJ,IN,KA,KL,MH,TN,UP,WB"
2024-10-02,Mahatma Gandhi's Birthday,national_civic,True,"DL,GJ,IN,KA,KL,MH,TN,UP,WB"
2024-10-12,Dussehra,religious_hindu,True,"DL,GJ,IN,KA,KL,MH,TN,UP,WB"
2024-10-31,Diwali (Deepavali),religious_hindu,True,"DL,IN,KA,KL,MH,TN,UP,WB"
2024-10-31,Diwali (Deepavali); Sardar Vallabhbhai Patel Jayanti,religious_hindu,True,GJ
2024-11-01,Karnataka Rajyotsava,other_holiday,False,KA
2024-11-01,Kerala Foundation Day,other_holiday,False,KL
2024-11-02,Gujarati New Year,other_holiday,False,GJ
2024-11-07,Chhath Puja,religious_hindu,False,UP
2024-11-15,Guru Nanak's Birthday,religious_sikh,True,"DL,GJ,IN,KA,KL,MH,TN,UP,WB"
2024-12-25,Christmas,religious_christian,True,"DL,GJ,IN,KA,KL,MH,TN,UP,WB"
2025-01-14,Pongal,religious_hindu,False,TN
2025-01-14,Uttarayan,other_holiday,False,GJ
2025-01-15,Thiruvalluvar Day / Mattu Pongal,religious_hindu,False,TN
2025-01-16,Uzhavar Thirunal,other_holiday,False,TN
2025-01-24,UP Formation Day,other_holiday,False,UP
2025-01-26,Republic Day,national_civic,True,"DL,GJ,IN,KA,KL,MH,TN,UP,WB"
2025-02-19,Chhatrapati Shivaji Maharaj Jayanti,other_holiday,False,MH
2025-02-26,Maha Shivaratri,other_holiday,True,"DL,GJ,IN,KA,KL,MH,TN,UP,WB"
2025-03-14,Holi,religious_hindu,True,"DL,GJ,IN,KA,KL,MH,TN,UP,WB"
2025-03-30,Gudi Padwa,religious_hindu,False,MH
2025-03-30,Ugadi,religious_hindu,False,KA
2025-03-31,Eid al-Fitr,religious_islamic,True,"DL,GJ,IN,KA,KL,MH,TN,UP,WB"
2025-04-10,Mahavira's Birthday,religious_jain,True,"DL,GJ,IN,KA,KL,MH,TN,UP,WB"
2025-04-14,Dr. B. R. Ambedkar's Birthday,other_holiday,True,"DL,GJ,IN,KA,KL,MH,UP,WB"
2025-04-14,Dr. B. R. Ambedkar's Birthday; Puthandu (Tamil New Year),other_holiday,True,TN
2025-04-15,Pohela Boishakh,other_holiday,False,WB
2025-04-18,Good Friday,religious_christian,True,"DL,GJ,IN,KA,KL,MH,TN,UP,WB"
2025-05-01,Gujarat Day,other_holiday,False,GJ
2025-05-01,Maharashtra Day,other_holiday,False,MH
2025-05-09,Rabindra Jayanti,other_holiday,False,WB
2025-05-12,Buddha Purnima,religious_buddhist,True,"DL,GJ,IN,KA,KL,MH,TN,UP,WB"
2025-06-07,Eid al-Adha,religious_islamic,True,"DL,GJ,IN,KA,KL,MH,TN,UP,WB"
2025-07-06,Ashura,religious_islamic,True,"DL,GJ,IN,KA,KL,MH,TN,UP,WB"
2025-08-15,Independence Day,national_civic,True,"DL,IN,KA,KL,TN,UP,WB"
2025-08-15,Independence Day; Parsi New Year (Shahenshahi),national_civic,True,"GJ,MH"
2025-08-16,Janmashtami (Vaishnava),religious_hindu,True,"DL,GJ,IN,KA,KL,MH,TN,UP,WB"
2025-08-27,Ganesh Chaturthi,religious_hindu,False,MH
2025-09-05,Onam; Prophet's Birthday,religious_islamic,True,KL
2025-09-05,Prophet's Birthday,religious_islamic,True,"DL,GJ,IN,KA,MH,TN,UP,WB"
2025-10-02,Dussehra; Mahatma Gandhi's Birthday,national_civic,True,"DL,GJ,IN,KA,KL,MH,TN,UP,WB"
2025-10-20,Diwali (Deepavali),religious_hindu,True,"DL,GJ,IN,KA,KL,MH,TN,UP,WB"
2025-10-22,Gujarati New Year,other_holiday,False,GJ
2025-10-28,Chhath Puja,religious_hindu,False,UP
2025-10-31,Sardar Vallabhbhai Patel Jayanti,other_holiday,False,GJ
2025-11-01,Karnataka Rajyotsava,other_holiday,False,KA
2025-11-01,Kerala Foundation Day,other_holiday,False,KL
2025-11-05,Guru Nanak's Birthday,religious_sikh,True,"DL,GJ,IN,KA,KL,MH,TN,UP,WB"
2025-12-25,Christmas,religious_christian,True,"DL,GJ,IN,KA,KL,MH,TN,UP,WB"
2026-01-14,Pongal,religious_hindu,False,TN
2026-01-14,Uttarayan,other_holiday,False,GJ
2026-01-15,Thiruvalluvar Day / Mattu Pongal,religious_hindu,False,TN
2026-01-16,Uzhavar Thirunal,other_holiday,False,TN
2026-01-24,UP Formation Day,other_holiday,False,UP
2026-01-26,Republic Day,national_civic,True,"DL,GJ,IN,KA,KL,MH,TN,UP,WB"
2026-02-19,Chhatrapati Shivaji Maharaj Jayanti,other_holiday,False,MH
2026-03-03,Holi,religious_hindu,False,MH
2026-03-04,Holi,religious_hindu,True,"DL,GJ,IN,KA,KL,MH,TN,UP,WB"
2026-03-19,Gudi Padwa,religious_hindu,False,MH
2026-03-19,Ugadi,religious_hindu,False,KA
2026-03-21,Eid al-Fitr,religious_islamic,True,"DL,GJ,IN,KA,KL,MH,TN,UP,WB"
2026-03-26,Ram Navami,religious_hindu,True,"DL,GJ,IN,KA,KL,MH,TN,UP,WB"
2026-03-31,Mahavira's Birthday,religious_jain,True,"DL,GJ,IN,KA,KL,MH,TN,UP,WB"
2026-04-03,Good Friday,religious_christian,True,"DL,GJ,IN,KA,KL,MH,TN,UP,WB"
2026-04-14,Dr. B. R. Ambedkar's Birthday,other_holiday,True,"DL,GJ,IN,KA,KL,MH,UP,WB"
2026-04-14,Dr. B. R. Ambedkar's Birthday; Puthandu (Tamil New Year),other_holiday,True,TN
2026-04-15,Pohela Boishakh,other_holiday,False,WB
2026-05-01,Buddha Purnima,religious_buddhist,True,"DL,IN,KA,KL,TN,UP,WB"
2026-05-01,Buddha Purnima; Gujarat Day,religious_buddhist,True,GJ
2026-05-01,Buddha Purnima; Maharashtra Day,religious_buddhist,True,MH
2026-05-09,Rabindra Jayanti,other_holiday,False,WB
2026-05-27,Eid al-Adha,religious_islamic,True,"DL,GJ,IN,KA,KL,MH,TN,UP,WB"
2026-06-26,Ashura,religious_islamic,True,"DL,GJ,IN,KA,KL,MH,TN,UP,WB"
2026-08-15,Independence Day,national_civic,True,"DL,IN,KA,KL,TN,UP,WB"
2026-08-15,Independence Day; Parsi New Year (Shahenshahi),national_civic,True,"GJ,MH"
2026-08-26,Onam; Prophet's Birthday,religious_islamic,True,KL
2026-08-26,Prophet's Birthday,religious_islamic,True,"DL,GJ,IN,KA,MH,TN,UP,WB"
2026-09-04,Janmashtami (Vaishnava),religious_hindu,True,"DL,GJ,IN,KA,KL,MH,TN,UP,WB"
2026-09-14,Ganesh Chaturthi,religious_hindu,False,MH
2026-10-02,Mahatma Gandhi's Birthday,national_civic,True,"DL,GJ,IN,KA,KL,MH,TN,UP,WB"
2026-10-20,Dussehra,religious_hindu,True,"DL,GJ,IN,KA,KL,MH,TN,UP,WB"
2026-10-31,Sardar Vallabhbhai Patel Jayanti,other_holiday,False,GJ
2026-11-01,Karnataka Rajyotsava,other_holiday,False,KA
2026-11-01,Kerala Foundation Day,other_holiday,False,KL
2026-11-08,Diwali (Deepavali),religious_hindu,True,"DL,GJ,IN,KA,KL,MH,TN,UP,WB"
2026-11-10,Gujarati New Year,other_holiday,False,GJ
2026-11-15,Chhath Puja,religious_hindu,False,UP
2026-11-24,Guru Nanak's Birthday,religious_sikh,True,"DL,GJ,IN,KA,KL,MH,TN,UP,WB"
2026-12-25,Christmas,religious_christian,True,"DL,GJ,IN,KA,KL,MH,TN,UP,WB"
2027-01-15,Pongal,religious_hindu,False,TN
2027-01-15,Uttarayan,other_holiday,False,GJ
2027-01-16,Thiruvalluvar Day / Mattu Pongal,religious_hindu,False,TN
2027-01-17,Uzhavar Thirunal,other_holiday,False,TN
2027-01-24,UP Formation Day,other_holiday,False,UP
2027-01-26,Republic Day,national_civic,True,"DL,GJ,IN,KA,KL,MH,TN,UP,WB"
2027-02-19,Chhatrapati Shivaji Maharaj Jayanti,other_holiday,False,MH
2027-03-06,Maha Shivaratri,other_holiday,True,"DL,GJ,IN,KA,KL,MH,TN,UP,WB"
2027-03-10,Eid al-Fitr (estimated),religious_islamic,True,"DL,GJ,IN,KA,KL,MH,TN,UP,WB"
2027-03-22,Holi,religious_hindu,True,"DL,GJ,IN,KA,KL,MH,TN,UP,WB"
2027-03-26,Good Friday,religious_christian,True,"DL,GJ,IN,KA,KL,MH,TN,UP,WB"
2027-04-07,Gudi Padwa,religious_hindu,False,MH
2027-04-07,Ugadi,religious_hindu,False,KA
2027-04-14,Dr. B. R. Ambedkar's Birthday,other_holiday,True,"DL,GJ,IN,KA,KL,MH,UP,WB"
2027-04-14,Dr. B. R. Ambedkar's Birthday; Puthandu (Tamil New Year),other_holiday,True,TN
2027-04-15,Pohela Boishakh; Ram Navami,religious_hindu,True,WB
2027-04-15,Ram Navami,religious_hindu,True,"DL,GJ,IN,KA,KL,MH,TN,UP"
2027-04-18,Mahavira's Birthday,religious_jain,True,"DL,GJ,IN,KA,KL,MH,TN,UP,WB"
2027-05-01,Gujarat Day,other_holiday,False,GJ
2027-05-01,Maharashtra Day,other_holiday,False,MH
2027-05-09,Rabindra Jayanti,other_holiday,False,WB
2027-05-17,Eid al-Adha (estimated),religious_islamic,True,"DL,GJ,IN,KA,KL,MH,TN,UP,WB"
2027-05-20,Buddha Purnima,religious_buddhist,True,"DL,GJ,IN,KA,KL,MH,TN,UP,WB"
2027-06-16,Ashura (estimated),religious_islamic,True,"DL,GJ,IN,KA,KL,MH,TN,UP,WB"
2027-08-15,Independence Day; Parsi New Year (Shahenshahi); Prophet's Birthday (estimated),national_civic,True,"GJ,MH"
2027-08-15,Independence Day; Prophet's Birthday (estimated),national_civic,True,"DL,IN,KA,KL,TN,UP,WB"
2027-08-25,Janmashtami (Vaishnava),religious_hindu,True,"DL,GJ,IN,KA,KL,MH,TN,UP,WB"
2027-09-04,Ganesh Chaturthi,religious_hindu,False,MH
2027-09-12,Onam,religious_hindu,False,KL
2027-10-02,Mahatma Gandhi's Birthday,national_civic,True,"DL,GJ,IN,KA,KL,MH,TN,UP,WB"
2027-10-09,Dussehra,religious_hindu,True,"DL,GJ,IN,KA,KL,MH,TN,UP,WB"
2027-10-29,Diwali (Deepavali),religious_hindu,True,"DL,GJ,IN,KA,KL,MH,TN,UP,WB"
2027-10-30,Gujarati New Year,other_holiday,False,GJ
2027-10-31,Sardar Vallabhbhai Patel Jayanti,other_holiday,False,GJ
2027-11-01,Karnataka Rajyotsava,other_holiday,False,KA
2027-11-01,Kerala Foundation Day,other_holiday,False,KL
2027-11-04,Chhath Puja,religious_hindu,False,UP
2027-11-14,Guru Nanak's Birthday,religious_sikh,True,"DL,GJ,IN,KA,KL,MH,TN,UP,WB"
2027-12-25,Christmas,religious_christian,True,"DL,GJ,IN,KA,KL,MH,TN,UP,WB"
